item_id,index_name,index_description,index_publication_date,index_application_period,expiration_time,index_application_deadline,index_execution_timeframe,index_place_of_execution,awarded_number,awarded_name,awarded_place_of_execution,awarded_execution_timeframe,awarded_application_period,awarded_opening_date,awarded_period,awarded_bidders_request,action_number,action_name,contracting_authority_name,contracting_authority_address,contracting_authority_email,brief_description
401516,A0245200500 Ausbau Silozufahrt AM Trockau,Die Autobahn GmbH des Bundes - Niederlassung Nordbayern,05.08.2022,"Aug 5, 2022 until Aug 23, 2022","Aug 23, 2022, 9:30 AM",,15.09.2022 until 30.11.2022,91257 AS Trockau,A0245200500,Ausbau Silozufahrt AM Trockau,91257 AS Trockau,15.09.2022 until 30.11.2022,"Aug 5, 2022 until Aug 23, 2022","Aug 23, 2022, 9:30 AM","Sep 14, 2022","Aug 22, 2022, 9:30 AM",A-02452-00,BAB A9 B\xc3\xb6schungssanierung und Errichtung Betriebszufahrt,Die Autobahn GmbH des Bundes - Niederlassung Nordbayern,Flaschenhofstra\xc3\x9fe 55\n90402 N\xc3\xbcrnberg,Vergabestelle@nby.autobahn.de,There is no further information avaiable.
401515,22-0170 Austausch Grundwasserreinigungsanlage Amalienstraße,Stadt Fürth - Rf. V - Zentrale Vergabestelle,05.08.2022,"Aug 1, 2022 until Aug 24, 2022","Aug 24, 2022, 10:00 AM",,4. Quartal 2022 until 1. Quartal 2023 (Inbetriebnahme),90762 Fürth,22-0170,Austausch Grundwasserreinigungsanlage Amalienstra\xc3\x9fe,90762 F\xc3\xbcrth,4. Quartal 2022 until 1. Quartal 2023 (Inbetriebnahme),"Aug 1, 2022 until Aug 24, 2022",,"Oct 7, 2022","Aug 16, 2022, 10:00 AM",OA,"Amt f\xc3\xbcr Umwelt, Ordnung und Verbraucherschutz",Stadt F\xc3\xbcrth - Rf. V - Zentrale Vergabestelle,Hirschenstra\xc3\x9fe 2\n90762 F\xc3\xbcrth,vergabestelle@fuerth.de,"Die hier ausgeschriebene Ma\xc3\x9fnahme beinhaltet die Neu-Errichtung einer Grundwassersanierungsanlage mit dem Weiterbetrieb der beiden F\xc3\xb6rderbrunnen inkl. Planung, Lieferung / Montage und Wartung."
401514,MH-2020-23-VE-14 VE_14-Elektroarbeiten,Kirchliches Verwaltungsamt Berlin Mitte-Nord,05.08.2022,"Aug 5, 2022 until Sep 5, 2022","Sep 5, 2022, 10:00 AM",,01.11.2022 until 30.09.2023,13089 Berlin,MH-2020-23-VE-14,VE_14-Elektroarbeiten,13089 Berlin,01.11.2022 until 30.09.2023,"Aug 5, 2022 until Sep 5, 2022","Sep 5, 2022, 10:00 AM","Oct 5, 2022","Sep 2, 2022, 3:00 PM",MH-HEI-2020-23,Margaretenhaus,Kirchliches Verwaltungsamt Berlin Mitte-Nord,Klosterstra\xc3\x9fe 66\n10179 Berlin,p.suessenberger@kva-bmn.de,"Margaretenhaus, Romain-Rolland-Stra\xc3\x9fe 52b-c, 13089 BerlinSanierung und Umbau"
401513,3-3-as-21-123 Rahmenvereinbarung über die Lieferung von Dienstkleidung,ZV KD Oberland Zentrale Beschaffungsstelle,05.08.2022,"Aug 5, 2022 until Sep 5, 2022","Sep 5, 2022, 10:00 AM",,not specified,83646 Bad Tölz,3-3-as-21-123,Rahmenvereinbarung \xc3\xbcber die Lieferung von Dienstkleidung,83646 Bad T\xc3\xb6lz,,"Aug 5, 2022 until Sep 5, 2022",,"Dec 30, 2022","Aug 31, 2022, 2:00 PM",Dienstkleidung ZV KD Oberland,Rahmenvereinbarung \xc3\xbcber die Lieferung von Dienstkleidung,ZV KD Oberland Zentrale Beschaffungsstelle,Prof.-Max-Lange-Platz 9\n83646 Bad T\xc3\xb6lz,vergabe@zv-oberland.de,"Der Zweckverband Kommunale Dienste Oberland ersetzt die heutige Uniform durch eine, die dem aktuellen Stand und Design entspricht. Die zuk\xc3\xbcnftigen Uniformteile m\xc3\xbcssen in ein 3-Layer Konzept passen und funktionell (atmungsaktiv, klimaregulierend, antibakteriell, nachhaltig und modisch) sein. -Baseline ist direkt auf der Haut, -Midlayer ist die \xc3\xa4u\xc3\x9fere Schicht, -Outerlayer sch\xc3\xbctzt vor Witterungseinfl\xc3\xbcssen wie Regen,         Schnee oder K\xc3\xa4lte"
401510,O 2022-50 GB Erneuerung von Zaunanlagen im Britzer Garten,Grün Berlin GmbH,05.08.2022,"Aug 5, 2022 until Aug 29, 2022","Aug 29, 2022, 12:00 PM",,01.10.2022 until 31.12.2022,12347 Berlin,O 2022-50 GB,Erneuerung von Zaunanlagen im Britzer Garten,12347 Berlin,01.10.2022 until 31.12.2022,"Aug 5, 2022 until Aug 29, 2022","Aug 29, 2022, 12:00 PM","Sep 28, 2022","Aug 22, 2022, 12:00 PM",07 2022,Britzer Garten,Gr\xc3\xbcn Berlin GmbH,Mariendorfer Damm 1\n12099 Berlin,eVergabe@gruen-berlin.de,Abbau und Neubau von Zaunanlagen in verschiedenen Parkbereich am und im Britzer Garten und Einbau von Toranlagen
401494,"B22020-30349000-001-419-02 Rohr- und Kanalreinigungsarbeiten, Untersuchung Grundleitungen",Land Berlin (Sondervermögen Immobilien des Landes Berlin),05.08.2022,"Aug 5, 2022 until Aug 17, 2022","Aug 17, 2022, 8:50 AM",,19.09.2022 until 31.01.2023,13627 Berlin,B22020-30349000-001-419-02,"Rohr- und Kanalreinigungsarbeiten, Untersuchung Grundleitungen",13627 Berlin,19.09.2022 until 31.01.2023,"Aug 5, 2022 until Aug 17, 2022",,"Sep 16, 2022","Aug 12, 2022, 12:00 PM",B22020-30349000-001,Grundleitungsuntersuchung,Land Berlin (Sonderverm\xc3\xb6gen Immobilien des Landes Berlin),Alexanderstra\xc3\x9fe 3\n10178 Berlin,Einkauf@bim-berlin.de,There is no further information avaiable.
401493,ZB-KD-22-1319000-4122.3 Aktenumzug innerhalb des Gebäudes des Jobcenters Berlin-Spandau,Gebäudemanagement Schleswig-Holstein AöR,05.08.2022,"Aug 5, 2022 until Sep 2, 2022","Sep 2, 2022, 7:30 AM",,not specified,13581 Berlin,ZB-KD-22-1319000-4122.3,Aktenumzug innerhalb des Geb\xc3\xa4udes des Jobcenters Berlin-Spandau,13581 Berlin,,"Aug 5, 2022 until Sep 2, 2022",,"Oct 31, 2022","Aug 26, 2022, 11:59 PM",4122.3-2022,4122.3-2022,Geb\xc3\xa4udemanagement Schleswig-Holstein A\xc3\xb6R,K\xc3\xbcterstra\xc3\x9fe 30\n24103 Kiel,e-vergabe-beschaffung@gmsh.de,There is no further information avaiable.
401492,156201ATT660722 Straßensanierung 2022,Hansestadt Attendorn,05.08.2022,"Aug 5, 2022 until Aug 23, 2022","Aug 23, 2022, 11:00 AM",,spätestens 12 WT nach Zugang des Auftragsschreibens until bis 31.10.2022,57439 Attendorn,156201ATT660722,Stra\xc3\x9fensanierung 2022,57439 Attendorn,sp\xc3\xa4testens 12 WT nach Zugang des Auftragsschreibens until bis 31.10.2022,"Aug 5, 2022 until Aug 23, 2022","Aug 23, 2022, 11:00 AM","Sep 22, 2022","Aug 18, 2022, 11:00 AM",ATT66,Hansestadt Attendorn - Tiefbauamt,Hansestadt Attendorn,K\xc3\xb6lner Stra\xc3\x9fe 12\n57439 Attendorn,vergabe.service@siegen-wittgenstein.de,There is no further information avaiable.
401490,156201DRO-FB21322 Dachdeckerarbeiten Fahrzeughalle,Stadt Drolshagen,05.08.2022,"Aug 5, 2022 until Aug 24, 2022","Aug 24, 2022, 11:00 AM",,siehe Bauzeitenplan until siehe Bauzeitenplan,57489 Drolshagen,156201DRO-FB21322,Dachdeckerarbeiten Fahrzeughalle,57489 Drolshagen,siehe Bauzeitenplan until siehe Bauzeitenplan,"Aug 5, 2022 until Aug 24, 2022","Aug 24, 2022, 11:00 AM","Sep 23, 2022","Aug 19, 2022, 11:00 AM",DRO-FB2,"Stadt Drolshagen - Fachbereich Finanzen, Geb\xc3\xa4udemanagement",Stadt Drolshagen,Hagener Stra\xc3\x9fe 9\n57489 Drolshagen,vergabe.service@siegen-wittgenstein.de,"Erweiterung des Feuerwehrhauses Iseringhausen, Dachdeckerarbeiten"
401488,156201DRO-FB21222 Dachdeckerarbeiten Sozialgebäude,Stadt Drolshagen,05.08.2022,"Aug 5, 2022 until Aug 24, 2022","Aug 24, 2022, 10:00 AM",,siehe Bauzeitenplan until siehe Bauzeitenplan,57489 Drolshagen,156201DRO-FB21222,Dachdeckerarbeiten Sozialgeb\xc3\xa4ude,57489 Drolshagen,siehe Bauzeitenplan until siehe Bauzeitenplan,"Aug 5, 2022 until Aug 24, 2022","Aug 24, 2022, 10:00 AM","Sep 23, 2022","Aug 19, 2022, 10:00 AM",DRO-FB2,"Stadt Drolshagen - Fachbereich Finanzen, Geb\xc3\xa4udemanagement",Stadt Drolshagen,Hagener Stra\xc3\x9fe 9\n57489 Drolshagen,vergabe.service@siegen-wittgenstein.de,"Erweiterung des Feuerwehrhauses Iseringhausen, Dachdeckerarbeiten Sozialgeb\xc3\xa4ude"
401487,MH-2020-23-VE-13 VE_13-Heizung-Sanitär,Kirchliches Verwaltungsamt Berlin Mitte-Nord,05.08.2022,"Aug 5, 2022 until Sep 5, 2022","Sep 5, 2022, 10:00 AM",,01.11.2022 until 30.09.2023,13089 Berlin,MH-2020-23-VE-13,VE_13-Heizung-Sanit\xc3\xa4r,13089 Berlin,01.11.2022 until 30.09.2023,"Aug 5, 2022 until Sep 5, 2022","Sep 5, 2022, 10:00 AM","Oct 5, 2022","Sep 2, 2022, 3:00 PM",MH-HEI-2020-23,Margaretenhaus,Kirchliches Verwaltungsamt Berlin Mitte-Nord,Klosterstra\xc3\x9fe 66\n10179 Berlin,p.suessenberger@kva-bmn.de,"Margaretenhaus, Romain-Rolland-Stra\xc3\x9fe 52b-c, 13089 BerlinSanierung und Umbau"
401486,26-2022 Schulaustattungen,Landesverwaltungsamt Berlin,05.08.2022,"Aug 7, 2022 until Sep 5, 2022","Sep 5, 2022, 12:00 PM",,01.10.2022 until 30.09.2023,10707 Berlin,26-2022,Schulaustattungen,10707 Berlin,01.10.2022 until 30.09.2023,"Aug 7, 2022 until Sep 5, 2022",,"Nov 4, 2022","Sep 5, 2022, 10:00 AM",LS 1 - 2022,Ausschreibungen LS 1 - 2022,Landesverwaltungsamt Berlin,Fehrbelliner Platz 1\n10707 Berlin,dagmar.schulist@lvwa.berlin.de,Schulaustattungen
401484,2022-174 Headset Telefon,Berliner Feuerwehr,05.08.2022,"Aug 5, 2022 until Aug 19, 2022","Aug 19, 2022, 8:00 AM",,ab Auftragserteilung until 2 Wochen nach Auftragserteilung,13627 Berlin,2022-174,Headset Telefon,13627 Berlin,ab Auftragserteilung until 2 Wochen nach Auftragserteilung,"Aug 5, 2022 until Aug 19, 2022",,"Sep 2, 2022",,2022 - ES IKT,Einsatzsteuerung Informations- und Kommunikationstechnik,Berliner Feuerwehr,Voltairestra\xc3\x9fe 2\n10179 Berlin,Vergabestelle@berliner-feuerwehr.de,Lieferung von 40 Stk. Headsets - Typ Jabra Evolve 65 - an die Berliner Feuerwehr.
401479,ZB-KD-22-1136000-4122.4 Partizipative Museumstechnik,Gebäudemanagement Schleswig-Holstein AöR,05.08.2022,"Aug 5, 2022 until Sep 5, 2022, 8:00 AM",,"Sep 5, 2022, 8:00 AM",not specified,24103 Kiel,ZB-KD-22-1136000-4122.4,Partizipative Museumstechnik,24103 Kiel,,"Aug 5, 2022 until Sep 5, 2022, 8:00 AM",,"Dec 30, 2022","Aug 26, 2022, 10:00 AM",4122.4-2022,4122.4-2022,Geb\xc3\xa4udemanagement Schleswig-Holstein A\xc3\xb6R,K\xc3\xbcterstra\xc3\x9fe 30\n24103 Kiel,e-vergabe-beschaffung@gmsh.de,There is no further information avaiable.
401476,22-0134 2 Abfallsammelfahrzeuge mit Aufbau und Schüttung,Stadt Fürth - Rf. V - Zentrale Vergabestelle,05.08.2022,"Aug 7, 2022 until Sep 8, 2022","Sep 8, 2022, 9:00 AM",,"until Los 1:  x Tage  nach Auftragserteilung, Los 2+3: x Tage nach Übergabe Fahrgestell (x jeweils wie angeboten)",90768 Fürth,22-0134,2 Abfallsammelfahrzeuge mit Aufbau und Sch\xc3\xbcttung,90768 F\xc3\xbcrth,"until Los 1:  x Tage  nach Auftragserteilung, Los 2+3: x Tage nach \xc3\x9cbergabe Fahrgestell (x jeweils wie angeboten)","Aug 7, 2022 until Sep 8, 2022",,"Nov 7, 2022","Aug 29, 2022, 9:00 AM",Abf_2022,Amt f\xc3\xbcr Abfallwirtschaft,Stadt F\xc3\xbcrth - Rf. V - Zentrale Vergabestelle,Hirschenstra\xc3\x9fe 2\n90762 F\xc3\xbcrth,vergabestelle@fuerth.de,"Zwei Fahrzeuge f\xc3\xbcr die Abfallwirtschaft der Stadt F\xc3\xbcrth 3 Lose: Los 1:Fertigung und Lieferung zweier Fahrgestelle gro\xc3\x9fes F\xc3\xbchrerhaus (6Sitzpl\xc3\xa4tze) als Basis f\xc3\xbcr ein Abfallsammelfahrzeug (3 Achsen, zul. Gesamtgewicht 26.000 kg)Los 2:  Zwei Abfallsammelaufbauten-Hecklader auf die Fahrgestelle mit dem gro\xc3\x9fen F\xc3\xbchrerhausLos 3:Zwei Hydraulische Lifter, Automatik-System mit geteilter  Kammsch\xc3\xbcttung f\xc3\xbcr 2-und 4 Rad-Beh\xc3\xa4lter"
401475,"S22A49 Winterdienst im Bereich der SM Riem, Route Sauerlach 3",Staatliches Bauamt Freising,05.08.2022,"Aug 5, 2022 until Aug 30, 2022","Aug 30, 2022, 9:00 AM",,01.11.2023 until 15.04.2027,81829 München,S22A49,"Winterdienst im Bereich der SM Riem, Route Sauerlach 3",81829 M\xc3\xbcnchen,01.11.2023 until 15.04.2027,"Aug 5, 2022 until Aug 30, 2022",,"Sep 30, 2022",Date was hidden by the authority,S_22,Stra\xc3\x9fen- und Br\xc3\xbcckenbau im Staatl. Bauamt Freising,Staatliches Bauamt Freising,Am Staudengarten 2 a\n85354 Freising,vergabe@stbafs.bayern.de,There is no further information avaiable.
401473,3246-1-2109 Aufzüge Haus 1 und Haus 4,GESOBAU AG,05.08.2022,"Aug 5, 2022 until Sep 23, 2022","Sep 23, 2022, 10:00 AM",,17.07.2023 until 17.11.2023,12629 Berlin,3246-1-2109,Aufz\xc3\xbcge Haus 1 und Haus 4,12629 Berlin,17.07.2023 until 17.11.2023,"Aug 5, 2022 until Sep 23, 2022","Sep 23, 2022, 10:00 AM","Oct 23, 2022","Sep 19, 2022, 10:00 AM",WHG 3246,WHG 3246 Stadtgut Hellersdorf,GESOBAU AG,Stiftsweg 1\n13187 Berlin,einkauf@gesobau.de,There is no further information avaiable.
401472,"22D0466 Fachplanung Technische Gebäudeausrüstung der Anlagengruppen 1,2,7",Staatliches Bauamt Würzburg,05.08.2022,"Aug 7, 2022 until Sep 7, 2022, 9:50 AM",,"Sep 7, 2022, 9:50 AM",01.11.2022 until 31.03.2030,97080 Würzburg,22D0466,"Fachplanung Technische Geb\xc3\xa4udeausr\xc3\xbcstung der Anlagengruppen 1,2,7",97080 W\xc3\xbcrzburg,01.11.2022 until 31.03.2030,"Aug 7, 2022 until Sep 7, 2022, 9:50 AM",,"Dec 19, 2022","Sep 1, 2022, 12:00 PM",15184 E 1015,"UKW-Nord, Erschlie\xc3\x9fung u. HKW II",Staatliches Bauamt W\xc3\xbcrzburg,Wei\xc3\x9fenburgstra\xc3\x9fe 6\n97082 W\xc3\xbcrzburg,vergabe@stbawue.bayern.de,"Fachplanung Technische Geb\xc3\xa4udeausr\xc3\xbcstung der Anlagengruppen 1, 2 und 7 zur Erschlie\xc3\x9fung des Erweiterungsgel\xc3\xa4ndes Nord des Universit\xc3\xa4t Klinikums W\xc3\xbcrzburg inklusive des Neubaus einer Energiezentrale (HKW II) f\xc3\xbcr 1.BA Neubau Kopfklinken (KKL) und Zentrum Frauen Mutter Kind (ZFMK)."
401470,"G15 22 424-2 Betonbau-, Landschaftsbau-, Asphaltarbeiten, Parkouranlage Kaufungen",Gemeindevorstand der Gemeinde Kaufungen,05.08.2022,"Aug 5, 2022 until Aug 25, 2022","Aug 25, 2022, 10:40 AM",,01.11.2022 until 31.07.2023,34260 Kaufungen,G15 22 424-2,"Betonbau-, Landschaftsbau-, Asphaltarbeiten, Parkouranlage Kaufungen",34260 Kaufungen,01.11.2022 until 31.07.2023,"Aug 5, 2022 until Aug 25, 2022","Aug 25, 2022, 10:40 AM","Oct 10, 2022","Aug 22, 2022, 10:40 AM",G15,Kaufungen,Gemeindevorstand der Gemeinde Kaufungen,Leipziger Stra\xc3\x9fe 463\n34260 Kaufungen,info@kaufungen.de,"Betonbau-, Landschaftsbau-, Asphaltarbeiten, Parkouranlage Kaufungen"
401467,1510-18_0 Bau kep Malerarbeiten,GWG Städtische Wohnungsgesellschaft München mbH,05.08.2022,"Aug 7, 2022 until Sep 5, 2022","Sep 6, 2022, 11:00 AM",,November 2022 until April 2024,81249 München,1510-18_0 Bau kep,Malerarbeiten,81249 M\xc3\xbcnchen,November 2022 until April 2024,"Aug 7, 2022 until Sep 5, 2022",,"Nov 5, 2022","Aug 29, 2022, 11:00 AM",1510 Bau,"Freiham Nord, 2. BA, WA 16",GWG St\xc3\xa4dtische Wohnungsgesellschaft M\xc3\xbcnchen mbH,Heimeranstr. 31\n80339 M\xc3\xbcnchen,vergabe@gwg-muenchen.de,"Malerarbeiten f\xc3\xbcr den Neubau von ca. 230 Wohneinheiten mit einem Haus f\xc3\xbcr Kinder und Tiefgarage und dazugeh\xc3\xb6rige Freifl\xc3\xa4chen in Freiham-Nord, WA 16"
401466,22R0010G Heizanlagen und zentrale Wassererwärmungsanlagen,Staatliches Bau- und Liegenschaftsamt Greifswald,05.08.2022,"Aug 5, 2022 until Sep 7, 2022","Sep 7, 2022, 11:59 PM",,01.10.2022 until 30.09.2024,18439 Stralsund,22R0010G,Heizanlagen und zentrale Wassererw\xc3\xa4rmungsanlagen,18439 Stralsund,01.10.2022 until 30.09.2024,"Aug 5, 2022 until Sep 7, 2022","Sep 8, 2022, 12:00 AM","Oct 7, 2022","Aug 31, 2022, 11:59 PM",ZG03,Rahmenvertragsarbeiten Land,Staatliches Bau- und Liegenschaftsamt Greifswald,Am Gorzberg Haus 8\n17489 Greifswald,zvs@fm.sbl-mv.de,"Zeitvertragsarbeiten Land - Stralsund, R\xc3\xbcgen"
401465,3-2-anw-22-133 Beschaffung eines Rettungsboot 2 -RTB2- mit feuerwehrtechnischer Ausstattung und Bootstrailer,ZV KD Oberland Zentrale Beschaffungsstelle,05.08.2022,"Aug 5, 2022 until Aug 22, 2022","Aug 22, 2022, 9:00 AM",,5 Tage nach Zuschlagserteilung until 4. Quartal 2023,86916 Markt Kaufering,3-2-anw-22-133,Beschaffung eines Rettungsboot 2 -RTB2- mit feuerwehrtechnischer Ausstattung und Bootstrailer,86916 Markt Kaufering,5 Tage nach Zuschlagserteilung until 4. Quartal 2023,"Aug 5, 2022 until Aug 22, 2022",,"Oct 18, 2022","Aug 18, 2022, 12:00 PM",3-2-anw-22-133-RTB-2,Feuerwehrboot f\xc3\xbcr die Feuerwehr Kaufering,ZV KD Oberland Zentrale Beschaffungsstelle,Prof.-Max-Lange-Platz 9\n83646 Bad T\xc3\xb6lz,vergabe@zv-oberland.de,Beschaffung eines Rettungsboot 2 (RTB2) mit feuerwehrtechnischer Ausstattung nach DIN 14961 und passenden Bootstrailer f\xc3\xbcr die Feuerwehr Kaufering durch den Markt Kaufering
401464,2022-VV-RV Schadstoff- und Abfallmanagement 2022-VV-RV Schadstoff- und Abfallmanagement,STADT UND LAND Wohnbauten-Gesellschaft mbH,05.08.2022,"Aug 5, 2022 until Sep 5, 2022, 11:00 AM",,"Sep 5, 2022, 11:00 AM",01.01.2023 until 31.12.2028,12053 Berlin,2022-VV-RV Schadstoff- und Abfallmanagement,2022-VV-RV Schadstoff- und Abfallmanagement,12053 Berlin,01.01.2023 until 31.12.2028,"Aug 5, 2022 until Sep 5, 2022, 11:00 AM",,"Dec 19, 2022","Aug 31, 2022, 11:00 AM",2022 - Planer Architekten- und Ingenieurleistungen,2022 - Planer Architekten- und Ingenieurleistungn,STADT UND LAND Wohnbauten-Gesellschaft mbH,Werbellinstra\xc3\x9fe 12\n12053 Berlin,ausschreibung@stadtundland.de,2022-VV-RV Schadstoff- und Abfallmanagement
401463,"S22A48 Winterdienst im Bereich der SM Riem, Route OSH 2",Staatliches Bauamt Freising,05.08.2022,"Aug 5, 2022 until Aug 30, 2022","Aug 30, 2022, 9:00 AM",,01.11.2023 until 15.04.2027,81829 München,S22A48,"Winterdienst im Bereich der SM Riem, Route OSH 2",81829 M\xc3\xbcnchen,01.11.2023 until 15.04.2027,"Aug 5, 2022 until Aug 30, 2022",,"Sep 30, 2022",Date was hidden by the authority,S_22,Stra\xc3\x9fen- und Br\xc3\xbcckenbau im Staatl. Bauamt Freising,Staatliches Bauamt Freising,Am Staudengarten 2 a\n85354 Freising,vergabe@stbafs.bayern.de,There is no further information avaiable.
401459,"B-0439-22 Tageseinrichtung für Kinder Ackerstraße 7, Erneuerung der Brandmeldeanlage",Stadt Wuppertal,05.08.2022,"Aug 5, 2022 until Sep 5, 2022","Sep 5, 2022, 9:30 AM",,04.10.2022 until 14.10.2022,42285 Wuppertal,B-0439-22,"Tageseinrichtung f\xc3\xbcr Kinder Ackerstra\xc3\x9fe 7, Erneuerung der Brandmeldeanlage",42285 Wuppertal,04.10.2022 until 14.10.2022,"Aug 5, 2022 until Sep 5, 2022","Sep 5, 2022, 9:30 AM","Oct 4, 2022","Sep 2, 2022, 9:30 AM",GMW FB 2,GMW Funktionsbereich 2,Stadt Wuppertal,postalisch Johannes-Rau-Platz 1\n42275 Wuppertal,sb.zentrale-vergabestelle@stadt.wuppertal.de,"Erneuerung der Brandmeldeanlage, TfK Ackerstr. 7"
401455,22R0009G Sanitäranlagen,Staatliches Bau- und Liegenschaftsamt Greifswald,05.08.2022,"Aug 5, 2022 until Sep 6, 2022","Sep 6, 2022, 11:59 PM",,01.10.2022 until 30.09.2024,17000 Bereich Vorpommern-Greifswald,22R0009G,Sanit\xc3\xa4ranlagen,17000 Bereich Vorpommern-Greifswald,01.10.2022 until 30.09.2024,"Aug 5, 2022 until Sep 6, 2022","Sep 7, 2022, 12:00 AM","Oct 6, 2022","Aug 30, 2022, 11:59 PM",ZG04,Rahmenvertragsarbeiten Land,Staatliches Bau- und Liegenschaftsamt Greifswald,Am Gorzberg Haus 8\n17489 Greifswald,zvs@fm.sbl-mv.de,"Zeitvertrag Land Greifswald, Anklam, Usedom"
401451,"S22A47 Winterdienst im Bereich der SM Riem, Route Schäftlarn 4",Staatliches Bauamt Freising,05.08.2022,"Aug 5, 2022 until Aug 30, 2022","Aug 30, 2022, 9:00 AM",,01.11.2023 until 15.04.2027,81829 München,S22A47,"Winterdienst im Bereich der SM Riem, Route Sch\xc3\xa4ftlarn 4",81829 M\xc3\xbcnchen,01.11.2023 until 15.04.2027,"Aug 5, 2022 until Aug 30, 2022",,"Sep 30, 2022",Date was hidden by the authority,S_22,Stra\xc3\x9fen- und Br\xc3\xbcckenbau im Staatl. Bauamt Freising,Staatliches Bauamt Freising,Am Staudengarten 2 a\n85354 Freising,vergabe@stbafs.bayern.de,There is no further information avaiable.
401449,"40L 135 22 430 -3 Beförderungsleistungen für Turn- und Schwimmbadfahrten diverser Schulen im Landkreis Kassel für das Schuljahr 2022-2023, Teil 8",Landkreis Kassel -Der Kreisausschuss-,05.08.2022,"Aug 5, 2022 until Aug 17, 2022","Aug 17, 2022, 11:10 AM",,06.09.2022 until 22.07.2023,34117 Kassel,40L 135 22 430 -3,"Bef\xc3\xb6rderungsleistungen f\xc3\xbcr Turn- und Schwimmbadfahrten diverser Schulen im Landkreis Kassel f\xc3\xbcr das Schuljahr 2022-2023, Teil 8",34117 Kassel,06.09.2022 until 22.07.2023,"Aug 5, 2022 until Aug 17, 2022",,"Sep 2, 2022","Aug 15, 2022, 11:10 AM",40L2022,Liefer- und Dienstleistungen 2022,Landkreis Kassel -Der Kreisausschuss-,Postfach 10 24 20\n34024 Kassel,,"Bef\xc3\xb6rderungsleistungen f\xc3\xbcr Turn- und Schwimmbadfahrten diverser Schulen im Landkreis Kassel f\xc3\xbcr das Schuljahr 2022-2023, Teil 8, aufgeteilt in 9 LoseLos 1: Grundschule Balhorn SchwimmenLos 2: Grundschule Breitenbach SchwimmenLos 3 GS Wolfhagen Baunatal SchwimmenLos 4 GS Wolfhagen Breuna SchwimmenLos 5 GS Wolfhagen Bad Arolsen SchwimmenLos 6 KKS Bad Am Park SchwimmenLos 7 KKS FitnessparkLos 8 KKS GesundbrunnenLos 9 KKS Manteuffelanlage Turnen"
401448,"B16116-30442000-001-334-03 Blücherplatz 1, Amerika-Gedenkbibliothek - Sanierung Fenster",Land Berlin (Sondervermögen Immobilien des Landes Berlin),05.08.2022,"Aug 5, 2022 until Aug 23, 2022","Aug 23, 2022, 11:30 AM",,19.09.2022 until 30.05.2023,10961 Berlin,B16116-30442000-001-334-03,"Bl\xc3\xbccherplatz 1, Amerika-Gedenkbibliothek - Sanierung Fenster",10961 Berlin,19.09.2022 until 30.05.2023,"Aug 5, 2022 until Aug 23, 2022","Aug 23, 2022, 11:30 AM","Sep 22, 2022","Aug 18, 2022, 12:00 PM",B16116-30442000-001,"Bl\xc3\xbccherplatz 1, 10961 Berlin",Land Berlin (Sonderverm\xc3\xb6gen Immobilien des Landes Berlin),Alexanderstra\xc3\x9fe 3\n10178 Berlin,Einkauf@bim-berlin.de,Tausch der vorhandenen 2-fachen Einfachverglasung der historischen Stahlfenster in           den Etagen 1. bis 5.OG gegen neue Dreifachverglasung im Klebeverfahren.           Dabei Einsatz von Sonnenschutzverglasung auf der S\xc3\xbcdseite. Insgesamt 360 Fenster          davon 240 auf der S\xc3\xbcdseite. Etagenweise unterschiedliche H\xc3\xb6he der Fenster.           Ausf\xc3\xbchrung abschnittsweise (5 Bauabschnitte je Etage).
401447,A0249900815 Außenputz_WDVS,Die Autobahn GmbH des Bundes - Niederlassung Nordbayern,05.08.2022,"Aug 5, 2022 until Sep 1, 2022","Sep 1, 2022, 9:30 AM",,04.10.2022 until 28.10.2022,90475 Nürnberg,A0249900815,Au\xc3\x9fenputz_WDVS,90475 N\xc3\xbcrnberg,04.10.2022 until 28.10.2022,"Aug 5, 2022 until Sep 1, 2022","Sep 1, 2022, 9:30 AM","Oct 1, 2022","Aug 31, 2022, 9:30 AM",A-02499-00,VBZ Dienstgeb\xc3\xa4ude Energetische Sanierung,Die Autobahn GmbH des Bundes - Niederlassung Nordbayern,Flaschenhofstra\xc3\x9fe 55\n90402 N\xc3\xbcrnberg,Vergabestelle@nby.autobahn.de,There is no further information avaiable.
401446,1-2352-9400-027-1 Schreinerarbeiten Allgemein,Landkreis Augsburg,05.08.2022,"Aug 5, 2022 until Sep 26, 2022","Sep 26, 2022, 9:00 AM",,02.02.2023 until 27.09.2024,86356 Neusäß,1-2352-9400-027-1,Schreinerarbeiten Allgemein,86356 Neus\xc3\xa4\xc3\x9f,02.02.2023 until 27.09.2024,"Aug 5, 2022 until Sep 26, 2022","Sep 26, 2022, 9:00 AM","Oct 26, 2022","Sep 19, 2022, 9:00 AM",1-2352,Generalsanierung des Justus-von-Liebig-Gymnasiums Neus\xc3\xa4\xc3\x9f,Landkreis Augsburg,Prinzregentenplatz 4\n86150 Augsburg,vergabenbauwesen@lra-a.bayern.de,"Schulgeb\xc3\xa4ude: - HPL Fensterb\xc3\xa4nke mit Br\xc3\xbcstungsplatte ca. 839 lfm - Waschtische in den WC Anlagen ca. 12 St\xc3\xbcck - Wandverkleidungen an einzelnen Waschbecken ca. 15 St\xc3\xbcck - Sitzstufenanlage im Parlamentshof - Podestkonstruktionen ca. 3,40x7,60 m - Treppenanlagen mit 2-4 Steigungen 3 St\xc3\xbcck Sporthalle mit Mensa: - Fenstereinfassungen ca. 147 lfm - Waschtische in den WC Anlagen ca. 2 St\xc3\xbcck"
401445,A0249900814 Tischlerarbeiten_Innenausbau,Die Autobahn GmbH des Bundes - Niederlassung Nordbayern,05.08.2022,"Aug 5, 2022 until Sep 1, 2022","Sep 1, 2022, 9:20 AM",,09.01.2023 until 27.01.2023,90475 Nürnberg,A0249900814,Tischlerarbeiten_Innenausbau,90475 N\xc3\xbcrnberg,09.01.2023 until 27.01.2023,"Aug 5, 2022 until Sep 1, 2022","Sep 1, 2022, 9:20 AM","Sep 30, 2022","Aug 31, 2022, 9:20 AM",A-02499-00,VBZ Dienstgeb\xc3\xa4ude Energetische Sanierung,Die Autobahn GmbH des Bundes - Niederlassung Nordbayern,Flaschenhofstra\xc3\x9fe 55\n90402 N\xc3\xbcrnberg,Vergabestelle@nby.autobahn.de,There is no further information avaiable.
401444,2022-427 Tief- und Straßenbauarbeiten,"Stadt Ulm, Zentrale Vergabestelle VOB",05.08.2022,"Aug 5, 2022 until Sep 1, 2022","Sep 1, 2022, 11:00 AM",,04.10.2022 until 31.10.2022,89073 Ulm,2022-427,Tief- und Stra\xc3\x9fenbauarbeiten,89073 Ulm,04.10.2022 until 31.10.2022,"Aug 5, 2022 until Sep 1, 2022","Sep 1, 2022, 11:00 AM","Oct 1, 2022","Aug 25, 2022, 4:00 PM",2022VGV-10,Neubau Radweg Kienlesbergstra\xc3\x9fe,"Stadt Ulm, Zentrale Vergabestelle VOB",M\xc3\xbcnchner Str. 1\n89073 Ulm,vergabe-zvob@ulm.de,Neubau eines Radweges n\xc3\xb6rdlich vom Hauptbahnhof Ulm vom M\xc3\xa4hringer Weg bis zur Kienlesbergbr\xc3\xbccke.-R\xc3\xbcckbau des St\xc3\xbctzwandkopfes entlang der Kienlesbergstra\xc3\x9fe bei der Haltestelle Lehrer Tal Steig und Herstellung eines neuen Radweges mit auskragenden Stahlbeton-Fertigteilen.-Herstellung von bis zu 8 m hohen St\xc3\xbctzw\xc3\xa4nden unter der westlichen Rampe der Wallstra\xc3\x9fenbr\xc3\xbccke (B10).-Herstellung eines Spannbetonbalkens von ca. 22 m L\xc3\xa4nge als \xc3\x9cberbauung einer Ausgrabungsst\xc3\xa4tte an der Kreuzung ?Beim Alten Fritz? zur Verbreiterung des vorhandenen Gehweges mit Verpresspf\xc3\xa4hlen als Gr\xc3\xbcndung und R\xc3\xbcckverankerung.-Felssicherung mit Felsankern und Spritzbetonverkleidung im Bereich der Ausgrabungsst\xc3\xa4tte.-Erdauff\xc3\xbcllungen und B\xc3\xb6schungsabflachungen im Bereich der Wallstra\xc3\x9fenbr\xc3\xbccke-Gel\xc3\xa4nderbau
401440,"322063 Patchen SM Güstrow, Bergen u. Grimmen",Straßenbauamt Stralsund,05.08.2022,"Aug 5, 2022 until Aug 18, 2022","Aug 18, 2022, 10:00 AM",,12.09.2022 until 30.09.2022,18439 Stralsund,322063,"Patchen SM G\xc3\xbcstrow, Bergen u. Grimmen",18439 Stralsund,12.09.2022 until 30.09.2022,"Aug 5, 2022 until Aug 18, 2022","Aug 18, 2022, 10:00 AM","Sep 2, 2022","Aug 15, 2022, 11:00 AM",10000,L U/I Fahrbahnprofilierung,Stra\xc3\x9fenbauamt Stralsund,Greifswalder Chaussee 63b\n18439 Stralsund,vergabe-sba-hst@sbv.mv-regierung.de,There is no further information avaiable.
401439,"S22A46 Winterdienst im Bereich der SM Riem, Route Riem 3",Staatliches Bauamt Freising,05.08.2022,"Aug 5, 2022 until Aug 30, 2022","Aug 30, 2022, 9:00 AM",,01.11.2023 until 15.11.2027,81829 München,S22A46,"Winterdienst im Bereich der SM Riem, Route Riem 3",81829 M\xc3\xbcnchen,01.11.2023 until 15.11.2027,"Aug 5, 2022 until Aug 30, 2022",,"Sep 30, 2022",Date was hidden by the authority,S_22,Stra\xc3\x9fen- und Br\xc3\xbcckenbau im Staatl. Bauamt Freising,Staatliches Bauamt Freising,Am Staudengarten 2 a\n85354 Freising,vergabe@stbafs.bayern.de,There is no further information avaiable.
401422,22 E 095 manuelle Winterdienstleistungen 2022-2026 im Stadtgebiet Regensburg,Stadt Regensburg,05.08.2022,"Aug 7, 2022 until Sep 5, 2022","Sep 5, 2022, 11:59 PM",,01.11.2022 until 31.03.2024 mit Verlängerungsoptionen bis spätestens 31.03.2026,93047 Regensburg,22 E 095,manuelle Winterdienstleistungen 2022-2026 im Stadtgebiet Regensburg,93047 Regensburg,01.11.2022 until 31.03.2024 mit Verl\xc3\xa4ngerungsoptionen bis sp\xc3\xa4testens 31.03.2026,"Aug 7, 2022 until Sep 5, 2022",,"Nov 4, 2022","Sep 5, 2022, 4:00 PM",2022.2,Dienstleistungen 2022,Stadt Regensburg,D.-Martin-Luther-Stra\xc3\x9fe 3\n93047 Regensburg,vergabestelle@regensburg.de,Die Stadt Regensburg vergibt manuelle Winterdienstleistungen im Stadtgebiet Regensburg f\xc3\xbcr die folgenden Zeitr\xc3\xa4ume:01.11.2022-31.03.202301.11.2023-31.03.202401.11.2024-31.03.202501.11.2025-31.03.2026F\xc3\xbcr die winterdienstliche Betreuung sind neun genau festgelegte Strecken vorgeben (9 Lose).
401421,04-2022-ZVS-OV-II C D Ergebnis- und Wirkungsmonitoring für die Bildungsberatung und das Jobcoaching und weitere arbeitsmarktliche Förderinstrumente,"Senatsverwaltung für Integration, Arbeit und Soziales",05.08.2022,"Aug 7, 2022 until Sep 9, 2022","Sep 9, 2022, 10:00 AM",,not specified,10969 Berlin,04-2022-ZVS-OV-II C D,Ergebnis- und Wirkungsmonitoring f\xc3\xbcr die Bildungsberatung und das Jobcoaching und weitere arbeitsmarktliche F\xc3\xb6rderinstrumente,10969 Berlin,,"Aug 7, 2022 until Sep 9, 2022",,"Oct 10, 2022","Sep 6, 2022, 10:00 AM",ZVS-Arb-2022,Vergaben f\xc3\xbcr die Abteilung Arbeit,"Senatsverwaltung f\xc3\xbcr Integration, Arbeit und Soziales",Oranienstr. 106\n10969 Berlin,Vergabestelle@SenIAS.berlin.de,"\xc3\x96ffentlich gef\xc3\xb6rderte Beratungs- und Coachingangebote sind ein wichtiger Baustein arbeits- und bildungspolitischer Programme, insbesondere zur Fachkr\xc3\xa4ftesicherung einschlie\xc3\x9flich der Integration von Migranten und anderer Zielgruppen in den Arbeits- und Ausbildungsmarkt. Es ist insofern von Bedeutung zu erfahren, mit welchen Ergebnissen die einzelnen Programme umgesetzt werden und ob die vorher definierten Ziele erreicht worden sind. Um dar\xc3\xbcber fundierte Aussagen treffen zu k\xc3\xb6nnen, ist es erforderlich, erbrachte Leistungen und erzielte Ergebnisse systematisch zu erfassen und zu dokumentieren und entsprechend auszuwerten."
401417,1-2352-9400-031 Metallbauarbeiten,Landkreis Augsburg,05.08.2022,"Aug 5, 2022 until Sep 28, 2022","Sep 28, 2022, 9:00 AM",,13.01.2023 until 18.09.2024,86356 Neusäß,1-2352-9400-031,Metallbauarbeiten,86356 Neus\xc3\xa4\xc3\x9f,13.01.2023 until 18.09.2024,"Aug 5, 2022 until Sep 28, 2022",,"Nov 27, 2022","Sep 21, 2022, 9:00 AM",1-2352,Generalsanierung des Justus-von-Liebig-Gymnasiums Neus\xc3\xa4\xc3\x9f,Landkreis Augsburg,Prinzregentenplatz 4\n86150 Augsburg,vergabenbauwesen@lra-a.bayern.de,Schulgeb\xc3\xa4ude:- ca. 200 lfm Bodenschwellen- ca. 400 lfm Stahlst\xc3\xbctzen als Unterkonstruktion7 St\xc3\xbcck Alu-Glas-T\xc3\xbcrelemente ohne BS Anforderung- 6 St\xc3\xbcck Alu-Glas-T\xc3\xbcrelemente dichtschlie\xc3\x9fend- 3 St\xc3\xbcck Rauchschutz Alu-Glas-T\xc3\xbcrelemente- 8 St\xc3\xbcck T30-RS Alu-Glas-T\xc3\xbcrelemente 1-flg.- 22 St\xc3\xbcck T30-RS Alu-Glas-T\xc3\xbcrelemente 2-flg.- 9 St\xc3\xbcck T60-RS Alu-Glas-T\xc3\xbcrelemente 2-flg.- 8 St\xc3\xbcck F60 Alu-Glas-Fensterelemente- 13 St\xc3\xbcck Feststellanlagen mit Magneten 1-flg.- 36 St\xc3\xbcck Feststellanlagen mit Magneten 2-flg.- 1 St\xc3\xbcck Stahlblecht\xc3\xbcr RS- 12 St\xc3\xbcck T30/ T30RS Stahlblecht\xc3\xbcren- 2 St\xc3\xbcck T60RS Stahlblecht\xc3\xbcren- 11 St\xc3\xbcck Stahlblecht\xc3\xbcren ohne Anforderung- 3 St\xc3\xbcck Stahlblech Au\xc3\x9fent\xc3\xbcrenSporthalle mit Mensa:- ca. 53 lfm Bodenschwellen- 8 St\xc3\xbcck Alu-Glas-Fensterelemente- 4 St\xc3\xbcck Alu-Glas-T\xc3\xbcrelemente ohne BS Anforderung- 4 St\xc3\xbcck Alu-Glas-T\xc3\xbcrelemente dichtschlie\xc3\x9fend- 4 St\xc3\xbcck T30-RS Alu-Glas-T\xc3\xbcrelemente- 3 St\xc3\xbcck Feststellanlagen mit Magneten 1-flg.- 7 St\xc3\xbcck Feststellanlagen mit Magneten 2-flg.
401413,P Ö 0524-22BV1 Austausch von 6 Fahrtreppenanlagen,"Fraport AG, Zentraler Einkauf und Bauvergabe",05.08.2022,"Aug 5, 2022 until Aug 25, 2022, 12:00 PM",,"Aug 25, 2022, 12:00 PM",ca. Anfang November 2022 until ca. Ende April 2023,60549 Frankfurt,P \xc3\x96 0524-22BV1,Austausch von 6 Fahrtreppenanlagen,60549 Frankfurt,ca. Anfang November 2022 until ca. Ende April 2023,"Aug 5, 2022 until Aug 25, 2022, 12:00 PM",,Date was hidden by the authority,"Aug 15, 2022, 12:00 PM",B-002519,Austausch Fahranlagen Terminals,"Fraport AG, Zentraler Einkauf und Bauvergabe",\n60547 Frankfurt / Main,ausschreibung@fraport.de,There is no further information avaiable.
401411,"259213 Erneuerung UF Lesserstraße, Grundinstandsetzung Haltestelle Wandsbek-Gartenstadt und Stützwand Ostpreußenplatz, Projekt Brücken Wandsbek-Gartenstad...",Hamburger Hochbahn AG,05.08.2022,"Aug 3, 2022 until Sep 1, 2022, 12:00 PM",,"Sep 1, 2022, 12:00 PM",02.01.2023 until 28.02.2024,20095 Hamburg,259213,"Erneuerung UF Lesserstra\xc3\x9fe, Grundinstandsetzung Haltestelle Wandsbek-Gartenstadt und St\xc3\xbctzwand Ostpreu\xc3\x9fenplatz, Projekt Br\xc3\xbccken Wandsbek-Gartenstadt\nEU-Ver\xc3\xb6ffentlichung 2022 S150_430404",20095 Hamburg,02.01.2023 until 28.02.2024,"Aug 3, 2022 until Sep 1, 2022, 12:00 PM",,"Jan 13, 2023","Aug 25, 2022, 12:00 PM",P23228,"Br.WK; Bwk.D(013), Br Lesserstra\xc3\x9fe, EN",Hamburger Hochbahn AG,Steinstra\xc3\x9fe 20\n20095 Hamburg,mathias.klatt@hochbahn.de,"Nachweise:Ma\xc3\x9fgeblich sind die Mindestbedingungen, die in der EU-Ver\xc3\xb6ffentlichung unter Punkt III.1.1) bis III.1.3) genannt sind"
401409,"259555 Korrosionsschutz und Massivbau UF Stephanstraße und Voßkuhlen, Projekt Brücken Wandsbek-Gartenstadt
EU-Veröffentlichung 2022 S150_430402",Hamburger Hochbahn AG,05.08.2022,"Aug 3, 2022 until Sep 1, 2022, 12:00 PM",,"Sep 1, 2022, 12:00 PM",02.01.2023 until 25.08.2023,20095 Hamburg,259555,"Korrosionsschutz und Massivbau UF Stephanstra\xc3\x9fe und Vo\xc3\x9fkuhlen, Projekt Br\xc3\xbccken Wandsbek-Gartenstadt\nEU-Ver\xc3\xb6ffentlichung 2022 S150_430402",20095 Hamburg,02.01.2023 until 25.08.2023,"Aug 3, 2022 until Sep 1, 2022, 12:00 PM",,"Jan 13, 2023","Aug 25, 2022, 12:00 PM",P23228,"Br.WK; Bwk.D(013), Br Lesserstra\xc3\x9fe, EN",Hamburger Hochbahn AG,Steinstra\xc3\x9fe 20\n20095 Hamburg,mathias.klatt@hochbahn.de,"Nachweise:Ma\xc3\x9fgeblich sind die Mindestbedingungen, die in der EU-Ver\xc3\xb6ffentlichung unter Punkt III.1.1) bis III.1.3) genannt sind"
401407,"00_45322_078401 B76 Veloroute 10, Gehölzpflege",Landesbetrieb Straßenbau und Verkehr Schleswig-Holstein,05.08.2022,"Aug 5, 2022 until Aug 16, 2022","Aug 16, 2022, 8:45 AM",,01.10.2022 until 14.10.2022,24106 Kiel,00_45322_078401,"B76 Veloroute 10, Geh\xc3\xb6lzpflege",24106 Kiel,01.10.2022 until 14.10.2022,"Aug 5, 2022 until Aug 16, 2022","Aug 16, 2022, 8:45 AM","Sep 15, 2022","Aug 16, 2022, 8:45 AM",B000SH001372,UI Bundesstra\xc3\x9fen,Landesbetrieb Stra\xc3\x9fenbau und Verkehr Schleswig-Holstein,Kieler Stra\xc3\x9fe 19\n24768 Rendsburg,vergaben-vob-sh@gmsh.de,externes Vergabeverfahren (LBV SH)
401406,"259212 Stahlbrückenbau inkl. Korrosionsschutz UF Lesserstraße, Projekt Brücken Wandsbek-Gartenstadt
EU-Veröffentlichung 2022 S150_430403",Hamburger Hochbahn AG,05.08.2022,"Aug 3, 2022 until Sep 1, 2022, 12:00 PM",,"Sep 1, 2022, 12:00 PM",01.03.2023 until 03.12.2023,20095 Hamburg,259212,"Stahlbr\xc3\xbcckenbau inkl. Korrosionsschutz UF Lesserstra\xc3\x9fe, Projekt Br\xc3\xbccken Wandsbek-Gartenstadt\nEU-Ver\xc3\xb6ffentlichung 2022 S150_430403",20095 Hamburg,01.03.2023 until 03.12.2023,"Aug 3, 2022 until Sep 1, 2022, 12:00 PM",,"Jan 13, 2023","Aug 25, 2022, 12:00 PM",P23228,"Br.WK; Bwk.D(013), Br Lesserstra\xc3\x9fe, EN",Hamburger Hochbahn AG,Steinstra\xc3\x9fe 20\n20095 Hamburg,mathias.klatt@hochbahn.de,"Nachweise:Ma\xc3\x9fgeblich sind die Mindestbedingungen, die in der EU-Ver\xc3\xb6ffentlichung unter Punkt III.1.1) bis III.1.3) genannt sind"
401405,22D0245 Fachplanung Elektrotechnik,Staatliches Bauamt Augsburg,05.08.2022,"Aug 7, 2022 until Oct 11, 2022, 8:45 AM",,"Oct 11, 2022, 8:45 AM",not specified,86156 Augsburg,22D0245,Fachplanung Elektrotechnik,86156 Augsburg,,"Aug 7, 2022 until Oct 11, 2022, 8:45 AM",,"Jan 7, 2023","Oct 6, 2022, 8:45 AM",15900 E 0003,"UKA, Sanierung Mittelspannung",Staatliches Bauamt Augsburg,Holbeinstra\xc3\x9fe 10\n86150 Augsburg,vergabe@stbaa.bayern.de,"Im Rahmen dieses Auftrages sollen parallel zur bestehenden Infrastruktur neue Mittelspannungsstationen sowie neue Mittelspannungsringe errichtet werden. Alle \xc3\xb6lgek\xc3\xbchlten oder \xc3\xa4lteren 10kV/0,4kV-Transformatoren, werden aus Gr\xc3\xbcnden der Betriebssicherheit ausgetauscht. Der Umschluss auf die neuen Mittelspannungsstrukturen muss im laufenden Betrieb geschehen. Abschlie\xc3\x9fend werden die alten Mittelspannungsanlagen sowie deren Verkabelung und Trassen r\xc3\xbcckgebaut."
401402,"22A0128G Auslaufbauwerk, Umbau Hochwasserschutz",Staatliches Bau- und Liegenschaftsamt Greifswald,05.08.2022,"Aug 5, 2022 until Aug 25, 2022","Aug 25, 2022, 11:59 PM",,am 05.09.2022 until am 30.11.2022,18445 Kramerhof,22A0128G,"Auslaufbauwerk, Umbau Hochwasserschutz",18445 Kramerhof,am 05.09.2022 until am 30.11.2022,"Aug 5, 2022 until Aug 25, 2022","Aug 26, 2022, 12:00 AM","Sep 23, 2022","Aug 19, 2022, 1:00 PM",31000-C3-0532,1432120062-Kai IH Betonholm u. TW-Leitg,Staatliches Bau- und Liegenschaftsamt Greifswald,Am Gorzberg Haus 8\n17489 Greifswald,zvs@fm.sbl-mv.de,"Ein Teil des Regenwassers aus dem Gebiet der Marinetechnikschule entw\xc3\xa4ssert \xc3\xbcber einen Teich und Rohrleitung DN 800 in den Strelasund. Der Hochwasserschutz wird mit einem 1998 errichteten Schachtbauwerk realsiert, in dem sich eine R\xc3\xbcckschlagklappe und ein Plattenschieber befinden. Die Entw\xc3\xa4sserungsanlage ist zu warten und teilweise umzubauen."
401401,22E0287 Restaurierung Chorbogenaltäre,Staatliches Bauamt Passau,05.08.2022,"Aug 7, 2022 until Sep 6, 2022, 9:00 AM",,"Sep 6, 2022, 9:00 AM",06.03.2023 until 05.04.2024,94501 Aldersbach,22E0287,Restaurierung Chorbogenalt\xc3\xa4re,94501 Aldersbach,06.03.2023 until 05.04.2024,"Aug 7, 2022 until Sep 6, 2022, 9:00 AM",,"Feb 14, 2023","Aug 28, 2022, 9:00 AM",05806 E 0002,Pfarrkirche Aldersbach,Staatliches Bauamt Passau,Am Schanzl 2\n94032 Passau,vergabe@stbapa.bayern.de,Pfarrkirche Aldersbach Restaurierung Chorbogenalt\xc3\xa4re
401400,"2022-440 Tief- und Straßenbau, Rückbau","Stadt Ulm, Zentrale Vergabestelle VOB",05.08.2022,"Aug 5, 2022 until Sep 1, 2022","Sep 1, 2022, 10:00 AM",,03.10.2022 until 30.11.2022,89073 Ulm,2022-440,"Tief- und Stra\xc3\x9fenbau, R\xc3\xbcckbau",89073 Ulm,03.10.2022 until 30.11.2022,"Aug 5, 2022 until Sep 1, 2022","Sep 1, 2022, 10:00 AM","Oct 1, 2022","Aug 25, 2022, 10:00 AM",2022VGVVI-12,Instandsetzung Syrlinsteg Brenzbahn,"Stadt Ulm, Zentrale Vergabestelle VOB",M\xc3\xbcnchner Str. 1\n89073 Ulm,vergabe-zvob@ulm.de,"R\xc3\xbcckbau und Ersatzneubau des \xc3\x9cberbaus vom Syrlinsteg \xc3\xbcber die Brenzbahn nord\xc3\xb6stlich vom Hauptbahnhof Ulm-R\xc3\xbcckbau des bestehenden Steges.-Instandsetzung Unterbauten-Vorbereitung Widerlagerbank f\xc3\xbcr den neuen \xc3\x9cberbau-Fertigung, Lieferung und Einbau des neuen \xc3\x9cberbaus als geschwei\xc3\x9fte Stahlkonstruktion-Belagsarbeiten-Anpassungen am Bestand (z. B. Pflaster- und Asphaltarbeiten, Gel\xc3\xa4nder)"
401397,P Ö 0523-22BV1 Austausch von 3 Aufzugsanlagen,"Fraport AG, Zentraler Einkauf und Bauvergabe",05.08.2022,"Aug 5, 2022 until Aug 25, 2022, 12:00 PM",,"Aug 25, 2022, 12:00 PM",ca. 1. Quartal 2023 until ca. 4. Quartal 2023,60549 Frankfurt,P \xc3\x96 0523-22BV1,Austausch von 3 Aufzugsanlagen,60549 Frankfurt,ca. 1. Quartal 2023 until ca. 4. Quartal 2023,"Aug 5, 2022 until Aug 25, 2022, 12:00 PM",,Date was hidden by the authority,"Aug 15, 2022, 12:00 PM",B-002519,Austausch Fahranlagen Terminals,"Fraport AG, Zentraler Einkauf und Bauvergabe",\n60547 Frankfurt / Main,ausschreibung@fraport.de,There is no further information avaiable.
401396,"22D0604 Projektsteuerungsleistungen für Inbetriebnahme-, Abnahme- und Übergabeprozesse   -Technische Projektsteuerung -",Staatliches Bauamt München 1,05.08.2022,"Aug 7, 2022 until Sep 5, 2022, 11:00 PM",,"Sep 5, 2022, 11:00 PM",not specified,80799 München,22D0604,"Projektsteuerungsleistungen f\xc3\xbcr Inbetriebnahme-, Abnahme- und \xc3\x9cbergabeprozesse   -Technische Projektsteuerung -",80799 M\xc3\xbcnchen,,"Aug 7, 2022 until Sep 5, 2022, 11:00 PM",,"Dec 17, 2022","Aug 30, 2022, 11:00 PM",15248 E 0080,"Neue Pinakothek, M\xc3\xbcnchen",Staatliches Bauamt M\xc3\xbcnchen 1,Peter-Auzinger-Stra\xc3\x9fe 10\n81547 M\xc3\xbcnchen,vergabe@stbam1.bayern.de,"Generalsanierung Neue Pinakothek in M\xc3\xbcnchen, Barer Stra\xc3\x9fe 29:Beauftragt werden sollen Projektsteuerungsleistungen f\xc3\xbcr Inbetriebnahme-, Abnahme- und \xc3\x9cbergabeprozesse auf Grundlage von Heft Nr. 39 der AHO Schriftenreihe  - Leistungen f\xc3\xbcr Inbetriebnahmen - , 1. Auflage Stand 2020 mit projektspezifischem Leistungsbild.Die Kosten f\xc3\xbcr die Sanierung der Neuen Pinakothek betragen ca. 141 Mio. EUR brutto (KG 200-600; Indexstand 4. Q 2018). Die anrechenbaren Kosten (KG 200-600) betragen ca. 120 Mio. EUR netto."
401395,22A0226 Metallbau- und Tischlerarbeiten: Innentüren und elementierte Trennwände,Staatliches Bauamt Nürnberg,05.08.2022,"Aug 5, 2022 until Sep 12, 2022","Sep 13, 2022, 9:00 AM",,19.12.2022 until 23.03.2023,91154 Roth,22A0226,Metallbau- und Tischlerarbeiten: Innent\xc3\xbcren und elementierte Trennw\xc3\xa4nde,91154 Roth,19.12.2022 until 23.03.2023,"Aug 5, 2022 until Sep 12, 2022","Sep 13, 2022, 9:00 AM","Oct 14, 2022","Aug 31, 2022, 10:00 AM",40102 E 0091,Otto- Lilienthal- Kaserne Roth,Staatliches Bauamt N\xc3\xbcrnberg,Zollhof 6\n90443 N\xc3\xbcrnberg,vergabe@stban.bayern.de,"Tischlert\xc3\xbcren Vollspan HPL-Beschichtung o. BS-Anforderung (31 St) und mit BS-Anforderung DS oder DSS (61 St) - Drehfl\xc3\xbcgelt\xc3\xbcre 1.Flg.,1 St Tischlert\xc3\xbcre Strahlenschutz Schiebet\xc3\xbcre,8 St Trennelemente Alu-Glas mit und o. BS-Anforderung,5 St Stahlblecht\xc3\xbcren,T\xc3\xbcrbeschl\xc3\xa4ge, Obent\xc3\xbcrschlie\xc3\x9fer,Elementierte Trennw\xc3\xa4nde f\xc3\xbcr 4 WC-Anlagen und 2 Duschbereiche."
401391,22E0118G Entwässerungskanalarbeiten,Staatliches Bau- und Liegenschaftsamt Greifswald,05.08.2022,"Aug 7, 2022 until Sep 8, 2022","Sep 8, 2022, 11:59 PM",,am 01.11.2022 until am 23.06.2023,17491 Greifswald,22E0118G,Entw\xc3\xa4sserungskanalarbeiten,17491 Greifswald,am 01.11.2022 until am 23.06.2023,"Aug 7, 2022 until Sep 8, 2022",,"Nov 7, 2022","Sep 1, 2022, 3:00 PM",30084-E9-0019,Neubau Forschungsbau Center for CM,Staatliches Bau- und Liegenschaftsamt Greifswald,Am Gorzberg Haus 8\n17489 Greifswald,zvs@fm.sbl-mv.de,"Universit\xc3\xa4tsklinikum, Neubau Forschungsbau Center for CMKanalbau f\xc3\xbcr Regen-und Schmutzentw\xc3\xa4sserung, incl. unterirdischer Regenr\xc3\xbcckhaltung, Durch\xc3\xb6rterungen im Stra\xc3\x9fenk\xc3\xb6rpere, Erdarbeiten f\xc3\xbcr Strom- und Datenkabel"
401390,TK 02092022-0900 Wegesanierung,Bezirksamt Treptow-Köpenick von Berlin,05.08.2022,"Aug 5, 2022 until Sep 2, 2022","Sep 2, 2022, 9:00 AM",,03.10.2022 until 28.04.2023,12487 Berlin- Johannisthal und Adlershof,TK 02092022-0900,Wegesanierung,12487 Berlin- Johannisthal und Adlershof,03.10.2022 until 28.04.2023,"Aug 5, 2022 until Sep 2, 2022","Sep 2, 2022, 9:00 AM","Oct 3, 2022","Aug 30, 2022, 9:00 AM",M 076,Landschafts- und Erholungspark Adlershof,Bezirksamt Treptow-K\xc3\xb6penick von Berlin,PF 910240\n12414 Berlin,vergabe-batk@vergabeberlin.de,There is no further information avaiable.
401388,22-415-T-44-01 Abbau Feinsedimenthalde,Wasserwirtschaftsamt Weilheim,05.08.2022,"Aug 5, 2022 until Sep 7, 2022","Sep 7, 2022, 9:00 AM",,04.10.2022 until 30.11.2022,83661 Lenggries,22-415-T-44-01,Abbau Feinsedimenthalde,83661 Lenggries,04.10.2022 until 30.11.2022,"Aug 5, 2022 until Sep 7, 2022","Sep 7, 2022, 9:00 AM","Sep 30, 2022","Sep 2, 2022, 9:00 AM",22-415-T-44,"Unterhaltung Gew. I, Isarvorsperre",Wasserwirtschaftsamt Weilheim,P\xc3\xbctrichstra\xc3\x9fe 15\n82362 Weilheim i. OB,vergabekoordination@wwa-wm.bayern.de,There is no further information avaiable.
401387,VM_22215_VOB_O_Schu KKE 32013 Erweiterte Rohbauarbeiten RA1,"Senatsverwaltung für Stadtentwicklung, Bauen und Wohnen",05.08.2022,"Aug 7, 2022 until Sep 7, 2022","Sep 7, 2022, 11:30 AM",,. until .,14195 Berlin,VM_22215_VOB_O_Schu,KKE 32013 Erweiterte Rohbauarbeiten RA1,14195 Berlin,. until .,"Aug 7, 2022 until Sep 7, 2022",,"Oct 24, 2022","Aug 30, 2022, 9:00 AM",14229E70001,"FUC2-FU Berlin, Grundsanierung Institut f\xc3\xbcr Chemie 2.BA","Senatsverwaltung f\xc3\xbcr Stadtentwicklung, Bauen und Wohnen",Fehrbelliner Platz 2\n10707 Berlin,vergabe-hochbau@senstadt.berlin.de,There is no further information avaiable.
401383,2022-436 Baumpflanzungen Safranberg-Leimgrubenweg,"Stadt Ulm, Zentrale Vergabestelle VOB",05.08.2022,"Aug 5, 2022 until Sep 5, 2022","Sep 5, 2022, 10:00 AM",,KW 41 - 2022 until KW 48 - 2022,89075 Ulm,2022-436,Baumpflanzungen Safranberg-Leimgrubenweg,89075 Ulm,KW 41 - 2022 until KW 48 - 2022,"Aug 5, 2022 until Sep 5, 2022","Sep 5, 2022, 10:00 AM","Oct 5, 2022","Aug 29, 2022, 10:00 AM",2022VGV-13,Erschlie\xc3\x9fung Safranberg,"Stadt Ulm, Zentrale Vergabestelle VOB",M\xc3\xbcnchner Str. 1\n89073 Ulm,vergabe-zvob@ulm.de,"39 Baumstandorte in Baumquartieren, Baumbeeten, Rasen- und Wiesenfl\xc3\xa4chen mit StU 18-20 / 20-25 / 25-30.Erdarbeiten, das Errichten von B\xc3\xa4nken und Sitzsteinen mit befestigten Fl\xc3\xa4chen und PflanzarbeitenBegr\xc3\xbcnung stra\xc3\x9fenbegleitender Gr\xc3\xbcnstreifen und das Anlegen einer zusammenh\xc3\xa4ngenden Wiese."
401381,"A042022 Pro.Admin
Ein Change-Management-Prozess für 
die Zentralverwaltung und zentr. Einrichtungen der Universität Göttingen",Georg-August-Universität Göttingen SdÖR,05.08.2022,"Aug 5, 2022 until Sep 5, 2022, 10:00 AM",,"Sep 5, 2022, 10:00 AM",27.01.2023 until 31.07.2025,37073 Göttingen,A042022,Pro.Admin\nEin Change-Management-Prozess f\xc3\xbcr \ndie Zentralverwaltung und zentr. Einrichtungen der Universit\xc3\xa4t G\xc3\xb6ttingen,37073 G\xc3\xb6ttingen,27.01.2023 until 31.07.2025,"Aug 5, 2022 until Sep 5, 2022, 10:00 AM",,"Nov 16, 2022","Aug 26, 2022, 10:00 AM",A042022,Pro.Admin / Change-Management-Prozess,Georg-August-Universit\xc3\xa4t G\xc3\xb6ttingen Sd\xc3\x96R,Heinrich-D\xc3\xbcker-Weg 5\n37073 G\xc3\xb6ttingen,vergabestelle_gm23@zvw.uni-goettingen.de,There is no further information avaiable.
401378,VM_22200_VOB_OE_Schu Baufeldfreimachung Rodungsmaßnahmen,"Senatsverwaltung für Stadtentwicklung, Bauen und Wohnen",05.08.2022,"Aug 4, 2022 until Aug 31, 2022","Aug 31, 2022, 11:30 AM",,not specified,12249 und 13627 Berlin,VM_22200_VOB_OE_Schu,Baufeldfreimachung Rodungsma\xc3\x9fnahmen,12249 und 13627 Berlin,,"Aug 4, 2022 until Aug 31, 2022","Aug 31, 2022, 11:30 AM","Sep 30, 2022","Aug 23, 2022, 9:00 AM",VM_10805E70002,Kooperative Leitstelle der Polizei und Feuerwehr,"Senatsverwaltung f\xc3\xbcr Stadtentwicklung, Bauen und Wohnen",Fehrbelliner Platz 2\n10707 Berlin,vergabe-hochbau@senstadt.berlin.de,There is no further information avaiable.
401377,"H23g211722 Elektroinstallationsarbeiten, Photovoltaikanlage","LHM, Baureferat, Verwaltung und Recht",05.08.2022,"Aug 2, 2022 until Sep 27, 2022","Sep 27, 2022, 10:00 AM",,20.02.2023 until 07.08.2023,81671 München,H23g211722,"Elektroinstallationsarbeiten, Photovoltaikanlage",81671 M\xc3\xbcnchen,20.02.2023 until 07.08.2023,"Aug 2, 2022 until Sep 27, 2022","Sep 27, 2022, 10:00 AM","Oct 27, 2022","Sep 21, 2022, 10:00 AM",12HI.004959,Neubau Gymnasium Gmunder Stra\xc3\x9fe,"LHM, Baureferat, Verwaltung und Recht",Friedenstra\xc3\x9fe 40\n81671 M\xc3\xbcnchen,bekanntmachungen.vz2.bau@muenchen.de,"Auf dem Dach des Neubaugeb\xc3\xa4udes der Schule an der Gmunderstrasse in M\xc3\xbcnchen, soll eine Photovoltaikanlage errichtet werden. Die PV-Anlage wird als Eigenverbrauchsanlage mit \xc3\x9cberschusseinspeisung realisiert."
401374,22E0083 Metallbauarbeiten - Fenster und Türen,Staatliches Bauamt Traunstein,05.08.2022,"Aug 7, 2022 until Sep 13, 2022","Sep 13, 2022, 9:00 AM",,not specified,83483 Bischofswiesen,22E0083,Metallbauarbeiten - Fenster und T\xc3\xbcren,83483 Bischofswiesen,,"Aug 7, 2022 until Sep 13, 2022",,"Nov 12, 2022","Sep 7, 2022, 9:00 AM",40220 E 0010,Standortschie\xc3\x9fanlage Bischofswiesen,Staatliches Bauamt Traunstein,Rosenheimer Stra\xc3\x9fe 7\n83278 Traunstein,onlineVergabe@stbats.bayern.de,There is no further information avaiable.
401372,22D0467 Objektplanung Gebäude,Staatliches Bauamt Würzburg,05.08.2022,"Aug 7, 2022 until Sep 20, 2022, 9:55 AM",,"Sep 20, 2022, 9:55 AM",01/2023 until 03/2032,97080 Würzburg,22D0467,Objektplanung Geb\xc3\xa4ude,97080 W\xc3\xbcrzburg,01/2023 until 03/2032,"Aug 7, 2022 until Sep 20, 2022, 9:55 AM",,"Jan 6, 2023","Sep 15, 2022, 9:55 AM",15184 E 1015,"UKW-Nord, Erschlie\xc3\x9fung u. HKW II",Staatliches Bauamt W\xc3\xbcrzburg,Wei\xc3\x9fenburgstra\xc3\x9fe 6\n97082 W\xc3\xbcrzburg,vergabe@stbawue.bayern.de,Objektplanung Geb\xc3\xa4ude Energiezentrale zur Erschlie\xc3\x9fung des Erweiterungsgel\xc3\xa4ndes Nord des Universit\xc3\xa4t Klinikums W\xc3\xbcrzburg inklusive des Neubaus einer Energiezentrale (HKW II) f\xc3\xbcr 1.BA Neubau Kopfklinken (KKL) und Zentrum Frauen Mutter Kind (ZFMK).
401370,2022-IIIB3-00100 Erneuerung der Beleuchtung in der Bibliothek,Berliner Hochschule für Technik,05.08.2022,"Aug 5, 2022 until Aug 31, 2022","Aug 31, 2022, 11:00 AM",,10.10.2022 until 16.12.2022,13353 Berlin,2022-IIIB3-00100,Erneuerung der Beleuchtung in der Bibliothek,13353 Berlin,10.10.2022 until 16.12.2022,"Aug 5, 2022 until Aug 31, 2022","Aug 31, 2022, 11:00 AM","Sep 30, 2022","Aug 24, 2022, 11:00 AM",2.2,IIIB,Berliner Hochschule f\xc3\xbcr Technik,Luxemburger Str. 10\n13353 Berlin,ausschreibung@bht-berlin.de,There is no further information avaiable.
401369,164_22 WC Sanierung SHL,Universitätsstadt Siegen,05.08.2022,"Aug 5, 2022 until Aug 31, 2022","Aug 31, 2022, 10:00 AM",,Spät. 10 Werktage nach Zugang d. Auftrags until Januar 2023,57080 Siegen,164_22,WC Sanierung SHL,57080 Siegen,Sp\xc3\xa4t. 10 Werktage nach Zugang d. Auftrags until Januar 2023,"Aug 5, 2022 until Aug 31, 2022","Aug 31, 2022, 10:00 AM","Sep 30, 2022","Aug 29, 2022, 10:00 AM",164_22,Grundschule Eisern,Universit\xc3\xa4tsstadt Siegen,Rathaus Geisweid / Lindenplatz 7\n57078 Siegen,vergabestelle@siegen.de,"Be- und Entw\xc3\xa4sserungsleitungen, ca. 27 St. Sanit\xc3\xa4arobjekte und Zubeh\xc3\xb6r, 1 St. Zu- und Abluftanlage"
401364,22 E 091 Ersatzbeschaffung der Videokonferenz--Software Cisco Webex,Stadt Regensburg,05.08.2022,"Aug 7, 2022 until Sep 6, 2022","Sep 6, 2022, 11:59 PM",,not specified,93047 Regensburg,22 E 091,Ersatzbeschaffung der Videokonferenz--Software Cisco Webex,93047 Regensburg,,"Aug 7, 2022 until Sep 6, 2022",,"Nov 30, 2022","Sep 6, 2022, 11:59 PM",2022.4,IUK 2022,Stadt Regensburg,D.-Martin-Luther-Stra\xc3\x9fe 3\n93047 Regensburg,vergabestelle@regensburg.de,There is no further information avaiable.
401362,Verg_065_22 Bodenbelagsarbeiten,Studentenwerk München - Anstalt des öffentlichen Rechts,05.08.2022,"Aug 5, 2022 until Sep 8, 2022","Sep 8, 2022, 11:00 AM",,09.11.2022 until 21.03.2023,80539 München,Verg_065_22,Bodenbelagsarbeiten,80539 M\xc3\xbcnchen,09.11.2022 until 21.03.2023,"Aug 5, 2022 until Sep 8, 2022","Sep 8, 2022, 11:00 AM","Oct 8, 2022","Sep 7, 2022, 11:00 AM",KAU,Neu- und Umbau des Marie-Antonie-Hauses,Studentenwerk M\xc3\xbcnchen - Anstalt des \xc3\xb6ffentlichen Rechts,Leopoldstra\xc3\x9fe 15\n80802 M\xc3\xbcnchen,vergabestelle@stwm.de,"Vorbereitungen:Untergrund reinigen: 1.810 m2; Haftgrund: 1.810 m2; Estrich spachteln: 1.810m2; Unebenheiten spachteln 500 m2; Entfernen des \xc3\x9cberstandesRandd\xc3\xa4mmstreifen 1985 m;Kautschuk B\xc3\xb6den:Kautschukbodenbelag in geschossweise unterschiedlicher Farbe:EG 215 m2; 1., 2. und 3.OG: je 429m2; 4.OG: 207 m2;Sockelleiste Kautschuk in geschossweise unterschiedlicher Farbe:EG: 200m, 1.,2. und 3.OG: 415mErstpflege Kautschuk: 1730 m2; Zulage f\xc3\xbcr vorgezogene Montage einesMusterappartementsParkett B\xc3\xb6den:Maissivholzparkett: 61m2; 2-Schicht-Parkett: 30,5m2;Massivholzsockelleiste 50 m;"
401359,122157 Pflanzung,Straßenbauamt Neustrelitz,05.08.2022,"Aug 5, 2022 until Sep 13, 2022","Sep 13, 2022, 10:00 AM",,17.10.2022 until 30.09.2027,17235 Neustrelitz,122157,Pflanzung,17235 Neustrelitz,17.10.2022 until 30.09.2027,"Aug 5, 2022 until Sep 13, 2022","Sep 13, 2022, 10:00 AM","Oct 10, 2022","Sep 7, 2022, 1:00 PM",132244,L 25 Mirow-Granzow,Stra\xc3\x9fenbauamt Neustrelitz,Hertelstra\xc3\x9fe 8\n17235 Neustrelitz,vergabe-sba-nz@sbv.mv-regierung.de,Bei der ausgeschriebenen Leistung handelt es sich um eine Pflanzung zur Entwicklung des Alleenbestandes gem\xc3\xa4\xc3\x9f Punkt 5.3 AlErl 2015 im Landkreis Mecklenburgische Seenplatte.
401353,001-2022 Landschaftsbauarbeiten,Landratsamt Aschaffenburg,05.08.2022,"Aug 4, 2022 until Sep 5, 2022","Sep 5, 2022, 11:00 AM",,Oktober 2022 until März 2022,63762 Großostheim,001-2022,Landschaftsbauarbeiten,63762 Gro\xc3\x9fostheim,Oktober 2022 until M\xc3\xa4rz 2022,"Aug 4, 2022 until Sep 5, 2022","Sep 5, 2022, 11:00 AM","Oct 5, 2022","Aug 30, 2022, 11:00 AM",13 6302 OU Pflaumheim,AB1 / AB3 Ortumgehung Pflaumheim,Landratsamt Aschaffenburg,Bayernstra\xc3\x9fe 18\n63739 Aschaffenburg,tiefbau@lra-ab.bayern.de,"Vorbereitende Ma\xc3\x9fnahmen, Ausgleichsma\xc3\x9fnahmen (CEF - FCS)"
401349,A0121100019 BAU - Lastenaufzug,Die Autobahn GmbH des Bundes – Niederlassung Südbayern,05.08.2022,"Aug 5, 2022 until Aug 23, 2022","Aug 23, 2022, 9:00 AM",,12.05.2023 until 31.05.2023,82319 Oberdill,A0121100019,BAU - Lastenaufzug,82319 Oberdill,12.05.2023 until 31.05.2023,"Aug 5, 2022 until Aug 23, 2022","Aug 23, 2022, 9:05 AM","Sep 22, 2022","Aug 18, 2022, 9:05 AM",A-01211-00,H.3.076 N AM Starnberg gr Kfz-Halle,Die Autobahn GmbH des Bundes \xe2\x80\x93 Niederlassung S\xc3\xbcdbayern,Seidlstr. 7-11\n80335 M\xc3\xbcnchen,vergabe.suedbayern@autobahn.de,Lastenaufzug1-S\xc3\xa4ulen-Hebeb\xc3\xbchne und Kleinteileheber mit Lastkorb
401344,322065 B 103 1. BA AS Schutow bis Evershagen,Straßenbauamt Stralsund,05.08.2022,"Aug 5, 2022 until Aug 24, 2022","Aug 24, 2022, 10:05 AM",,10.10.2022 until 25.11.2022,18069 Rostock,322065,B 103 1. BA AS Schutow bis Evershagen,18069 Rostock,10.10.2022 until 25.11.2022,"Aug 5, 2022 until Aug 24, 2022","Aug 24, 2022, 10:05 AM","Sep 16, 2022","Aug 19, 2022, 11:00 AM",322109,B 103 DE AS Schutow - AS L\xc3\xbctten Klein,Stra\xc3\x9fenbauamt Stralsund,Greifswalder Chaussee 63b\n18439 Stralsund,vergabe-sba-hst@sbv.mv-regierung.de,- Baustelle einr/ Baustelle r\xc3\xa4umen - Entsorgung - Verkehrssicherung - Schichten ohne Bindemittel- Asphaltarbeiten - Fahrbahnmarkierung
401338,EU-V0507-22FAS VE3087 Lüftung Pier H,Fraport Ausbau Süd GmbH,05.08.2022,"Aug 5, 2022 until Sep 6, 2022, 11:59 PM",,not specified,1. Quartal 2023 until 3. Quartal 2025,60547 Frankfurt am Main Flughafen,EU-V0507-22FAS,VE3087 L\xc3\xbcftung Pier H,60547 Frankfurt am Main Flughafen,1. Quartal 2023 until 3. Quartal 2025,"Aug 5, 2022 until Sep 6, 2022, 11:59 PM",,Date was hidden by the authority,"Sep 5, 2022, 11:59 PM",B-000003,Neubau Terminal 3 - NBT3,Fraport Ausbau S\xc3\xbcd GmbH,Geb\xc3\xa4ude 555\n60547 Frankfurt am Main,ausschreibung@fraport-ausbau-sued.de,There is no further information avaiable.
401337,EU-V0506-22FAS VE3082 Heizung Kälte Pier H,Fraport Ausbau Süd GmbH,05.08.2022,"Aug 5, 2022 until Sep 6, 2022, 11:59 PM",,not specified,1. Quartal 2023 until 3. Quartal 2025,60547 Frankfurt am Main Flughafen,EU-V0506-22FAS,VE3082 Heizung K\xc3\xa4lte Pier H,60547 Frankfurt am Main Flughafen,1. Quartal 2023 until 3. Quartal 2025,"Aug 5, 2022 until Sep 6, 2022, 11:59 PM",,Date was hidden by the authority,"Sep 5, 2022, 11:59 PM",B-000003,Neubau Terminal 3 - NBT3,Fraport Ausbau S\xc3\xbcd GmbH,Geb\xc3\xa4ude 555\n60547 Frankfurt am Main,ausschreibung@fraport-ausbau-sued.de,There is no further information avaiable.
401336,"22D0464 Fachplanung Technische Gebäudeausrüstung Anlagengr. 4, 5 und 6",Staatliches Bauamt Würzburg,05.08.2022,"Aug 7, 2022 until Sep 7, 2022, 9:50 AM",,"Sep 7, 2022, 9:50 AM",11/2022 until 03/2030,97080 Würzburg,22D0464,"Fachplanung Technische Geb\xc3\xa4udeausr\xc3\xbcstung Anlagengr. 4, 5 und 6",97080 W\xc3\xbcrzburg,11/2022 until 03/2030,"Aug 7, 2022 until Sep 7, 2022, 9:50 AM",,"Dec 19, 2022","Sep 7, 2022, 9:50 AM",15184 E 1015,"UKW-Nord, Erschlie\xc3\x9fung u. HKW II",Staatliches Bauamt W\xc3\xbcrzburg,Wei\xc3\x9fenburgstra\xc3\x9fe 6\n97082 W\xc3\xbcrzburg,vergabe@stbawue.bayern.de,"Fachplanung ITechnische Geb\xc3\xa4udeausr\xc3\xbcstung der Anlagengruppen 4, 5 und 6 zur Erschlie\xc3\x9fung des Erweiterungsgel\xc3\xa4ndes Nord des Universit\xc3\xa4t Klinikums W\xc3\xbcrzburg inklusive des Neubaus einer Energiezentrale (HKW II) f\xc3\xbcr 1.BA Neubau Kopfklinken (KKL) und Zentrum Frauen Mutter Kind (ZFMK)."
401335,EU-V0505-22FAS VE3078 Sanitär Pier H,Fraport Ausbau Süd GmbH,05.08.2022,"Aug 5, 2022 until Sep 6, 2022, 11:59 PM",,not specified,1. Quartal 2023 until 3. Quartal 2025,60547 Frankfurt am Main Flughafen,EU-V0505-22FAS,VE3078 Sanit\xc3\xa4r Pier H,60547 Frankfurt am Main Flughafen,1. Quartal 2023 until 3. Quartal 2025,"Aug 5, 2022 until Sep 6, 2022, 11:59 PM",,Date was hidden by the authority,"Sep 5, 2022, 11:59 PM",B-000003,Neubau Terminal 3 - NBT3,Fraport Ausbau S\xc3\xbcd GmbH,Geb\xc3\xa4ude 555\n60547 Frankfurt am Main,ausschreibung@fraport-ausbau-sued.de,There is no further information avaiable.
401334,EU-V0504-22FAS VE3084 RLT Terminal,Fraport Ausbau Süd GmbH,05.08.2022,"Aug 5, 2022 until Sep 6, 2022, 11:59 PM",,not specified,1. Quartal 2023 until 1. Quartal 2026,60547 Frankfurt am Main Flughafen,EU-V0504-22FAS,VE3084 RLT Terminal,60547 Frankfurt am Main Flughafen,1. Quartal 2023 until 1. Quartal 2026,"Aug 5, 2022 until Sep 6, 2022, 11:59 PM",,Date was hidden by the authority,"Sep 5, 2022, 11:59 PM",B-000003,Neubau Terminal 3 - NBT3,Fraport Ausbau S\xc3\xbcd GmbH,Geb\xc3\xa4ude 555\n60547 Frankfurt am Main,ausschreibung@fraport-ausbau-sued.de,There is no further information avaiable.
401332,EU-V0503-22FAS VE3077 Sanitär Terminal,Fraport Ausbau Süd GmbH,05.08.2022,"Aug 5, 2022 until Sep 6, 2022, 11:59 PM",,not specified,1. Quartal 2023 until 1. Quartal 2026,60547 Frankfurt am Main Flughafen,EU-V0503-22FAS,VE3077 Sanit\xc3\xa4r Terminal,60547 Frankfurt am Main Flughafen,1. Quartal 2023 until 1. Quartal 2026,"Aug 5, 2022 until Sep 6, 2022, 11:59 PM",,Date was hidden by the authority,"Sep 5, 2022, 11:59 PM",B-000003,Neubau Terminal 3 - NBT3,Fraport Ausbau S\xc3\xbcd GmbH,Geb\xc3\xa4ude 555\n60547 Frankfurt am Main,ausschreibung@fraport-ausbau-sued.de,There is no further information avaiable.
401331,22E00178 KKE 34 Heizungstechnische Anlage,Gebäudemanagement Schleswig-Holstein AöR,05.08.2022,"Aug 3, 2022 until Sep 7, 2022","Sep 7, 2022, 8:30 AM",,"in der 10. KW 2023, spätestens am letzten Werktag dieser KW until in der 52. KW 2023, spätestens am letzten Werktag dieser KW",23566 JVA Lübeck,22E00178,KKE 34 Heizungstechnische Anlage,23566 JVA L\xc3\xbcbeck,"in der 10. KW 2023, sp\xc3\xa4testens am letzten Werktag dieser KW until in der 52. KW 2023, sp\xc3\xa4testens am letzten Werktag dieser KW","Aug 3, 2022 until Sep 7, 2022",,"Nov 6, 2022","Aug 31, 2022, 8:30 AM",21740104,JVA HL / Ersatzbau Hafthaus B,Geb\xc3\xa4udemanagement Schleswig-Holstein A\xc3\xb6R,Schillstra\xc3\x9fe 1-3\n23566 L\xc3\xbcbeck,bieteranfragen-vob@gmsh.de,There is no further information avaiable.
401327,Verg_EU-064_22 Pfosten-Riegel-Fassade,Studentenwerk München - Anstalt des öffentlichen Rechts,05.08.2022,"Aug 7, 2022 until Sep 6, 2022","Sep 6, 2022, 1:00 PM",,zw. KW 49/2022 und KW 01/2023 until 08.02.2023,80797 München,Verg_EU-064_22,Pfosten-Riegel-Fassade,80797 M\xc3\xbcnchen,zw. KW 49/2022 und KW 01/2023 until 08.02.2023,"Aug 7, 2022 until Sep 6, 2022",,"Oct 31, 2022","Aug 30, 2022, 1:00 PM",SRS,SRS - Neubau einer Studentenwohn-,Studentenwerk M\xc3\xbcnchen - Anstalt des \xc3\xb6ffentlichen Rechts,Leopoldstra\xc3\x9fe 15\n80802 M\xc3\xbcnchen,vergabestelle@stwm.de,"Pfosten-Riegel-Fassade f\xc3\xbcr den Neubau eines Studentenwohnheims in M\xc3\xbcnchen- Erstellen einer Pfosten-Riegel-Fassade in Stahl, ca. 130m2- Einbau von ein- und zweifl\xc3\xbcgeligen T\xc3\xbcranlagen und Paneelfeldern"
401326,MfN-07-2022-O-BH-ZP Transkription Etiketten Transkription von Etikettenfotos aus der Insektensammlung und Übertragung der Informationen in eine Datenbank,Museum für Naturkunde - Leibnitz-Institut für Biodiversitätsforschung,04.08.2022,"Aug 6, 2022 until Sep 7, 2022","Sep 8, 2022, 10:00 AM",,01.10.2022 until 31.05.2023,10115 Berlin,MfN-07-2022-O-BH-ZP Transkription Etiketten,Transkription von Etikettenfotos aus der Insektensammlung und \xc3\x9cbertragung der Informationen in eine Datenbank,10115 Berlin,01.10.2022 until 31.05.2023,"Aug 6, 2022 until Sep 7, 2022",,"Nov 7, 2022","Sep 1, 2022, 10:00 AM",Einkauf 2022,Einkauf,Museum f\xc3\xbcr Naturkunde - Leibnitz-Institut f\xc3\xbcr Biodiversit\xc3\xa4tsforschung,Invalidenstra\xc3\x9fe 43\n10115 Berlin,ausschreibungen@mfn.berlin,There is no further information avaiable.
401325,T50212522 Natriumchlorid-Sole,"LHM, Baureferat, Verwaltung und Recht",04.08.2022,"Aug 2, 2022 until Sep 1, 2022","Sep 1, 2022, 1:40 PM",,ab Beauftragung until nach 12 Monaten,81671 München,T50212522,Natriumchlorid-Sole,81671 M\xc3\xbcnchen,ab Beauftragung until nach 12 Monaten,"Aug 2, 2022 until Sep 1, 2022",,"Nov 11, 2022","Aug 26, 2022, 1:40 PM",T20-VG6,"Liefer- und Dienstleistungen der LH M\xc3\xbcnchen, Baureferat","LHM, Baureferat, Verwaltung und Recht",Friedenstra\xc3\x9fe 40\n81671 M\xc3\xbcnchen,bekanntmachungen.vz2.bau@muenchen.de,RahmenvertragLieferung von Natriumchlorid-SoleWinterdienst
401324,2022-13 Erarbeitung einer Aufgabenerstellung für die Ausarbeitung eines zukunftsorientierten Leitbildprozesses,Landkreis Sächsische Schweiz-Osterzgebirge,04.08.2022,"Aug 4, 2022 until Aug 25, 2022","Aug 25, 2022, 8:00 AM",,26.09.2022 until 28.02.2023,01796 Pirna,2022-13,Erarbeitung einer Aufgabenerstellung f\xc3\xbcr die Ausarbeitung eines zukunftsorientierten Leitbildprozesses,01796 Pirna,26.09.2022 until 28.02.2023,"Aug 4, 2022 until Aug 25, 2022",,"Sep 24, 2022","Aug 18, 2022, 4:00 PM",2022-Allgemein,Liefer- und Dienstleistungen,Landkreis S\xc3\xa4chsische Schweiz-Osterzgebirge,Schlo\xc3\x9fhof 2/4\n01796 Pirna,vergabestelle@landratsamt-pirna.de,Erarbeitung einer Aufgabenerstellung (Phase 1) f\xc3\xbcr die Ausarbeitung eines zukunftsorientierten Leitbildprozesses f\xc3\xbcr den Landkreis S\xc3\xa4chsische Schweiz-Osterzgebirge. Durch den Auftragnehmer soll in einer ersten Phase die Erarbeitung einer Leistungsbeschreibung entworfen werden.
401323,E60213122 Modernisierung Kompensationsanlage,"LHM, Baureferat, Verwaltung und Recht",04.08.2022,"Aug 1, 2022 until Aug 29, 2022","Aug 29, 2022, 1:30 PM",,ab Auftragserteilung until 31.01.2023,80939 München,E60213122,Modernisierung Kompensationsanlage,80939 M\xc3\xbcnchen,ab Auftragserteilung until 31.01.2023,"Aug 1, 2022 until Aug 29, 2022",,"Sep 28, 2022","Aug 23, 2022, 1:30 PM",MSE_32_ab_2020,Vergaben MSE-32 ab 2020,"LHM, Baureferat, Verwaltung und Recht",Friedenstra\xc3\x9fe 40\n81671 M\xc3\xbcnchen,bekanntmachungen.vz2.bau@muenchen.de,"Damit die Blindstromkosten und die Blindstrombelastbarkeit im Nieder- / Mittelspannungsnetz niedrig bleibt, sowie auch die Netzqualit\xc3\xa4t durch den steigenden Betrieb von nichtlinearen Verbrauchern verbessert wird, soll die bestehende Kompensationsanlage in der KVA modernisiert werden."
401321,"S22A45 Winterdienst im Bereich der SM Riem, Route Riem 2",Staatliches Bauamt Freising,04.08.2022,"Aug 4, 2022 until Aug 30, 2022","Aug 30, 2022, 9:00 AM",,01.11.2023 until 15.04.2027,81829 München,S22A45,"Winterdienst im Bereich der SM Riem, Route Riem 2",81829 M\xc3\xbcnchen,01.11.2023 until 15.04.2027,"Aug 4, 2022 until Aug 30, 2022",,"Sep 30, 2022",Date was hidden by the authority,S_22,Stra\xc3\x9fen- und Br\xc3\xbcckenbau im Staatl. Bauamt Freising,Staatliches Bauamt Freising,Am Staudengarten 2 a\n85354 Freising,vergabe@stbafs.bayern.de,There is no further information avaiable.
401319,T29213422 Straßenbau- und Entwässerungsarbeiten,"LHM, Baureferat, Verwaltung und Recht",04.08.2022,"Aug 5, 2022 until Aug 30, 2022","Aug 30, 2022, 10:40 AM",,24.10.2022 until 11.11.2022,81541 München,T29213422,Stra\xc3\x9fenbau- und Entw\xc3\xa4sserungsarbeiten,81541 M\xc3\xbcnchen,24.10.2022 until 11.11.2022,"Aug 5, 2022 until Aug 30, 2022","Aug 30, 2022, 10:40 AM","Sep 29, 2022","Aug 24, 2022, 10:40 AM",T1-VI-OBL-BD-Edelwei\xc3\x9fplatz,Entsiegelung Edelwei\xc3\x9fplatz,"LHM, Baureferat, Verwaltung und Recht",Friedenstra\xc3\x9fe 40\n81671 M\xc3\xbcnchen,bekanntmachungen.vz2.bau@muenchen.de,Entsiegelung des Edelwei\xc3\x9fplatzes
401317,A0298000301 G70 Kamerabefahrung Entwässerungsleitungen Mittelstreifen,Die Autobahn GmbH des Bundes - Niederlassung Nordbayern,04.08.2022,"Aug 4, 2022 until Aug 23, 2022","Aug 23, 2022, 9:20 AM",,12.09.2022 until 28.10.2022,08112 AS Zwickau-West - AS Zwickau-Ost,A0298000301,G70 Kamerabefahrung Entw\xc3\xa4sserungsleitungen Mittelstreifen,08112 AS Zwickau-West - AS Zwickau-Ost,12.09.2022 until 28.10.2022,"Aug 4, 2022 until Aug 23, 2022","Aug 23, 2022, 9:20 AM","Sep 16, 2022","Aug 22, 2022, 9:20 AM",A-02980-00,BAB A72 Grunderneuerung G70,Die Autobahn GmbH des Bundes - Niederlassung Nordbayern,Flaschenhofstra\xc3\x9fe 55\n90402 N\xc3\xbcrnberg,Vergabestelle@nby.autobahn.de,"ca. 7.300 m Reinigung, Inspektion und Dichtheitspr\xc3\xbcfung vorhandener Entw\xc3\xa4sserungsleitungenca. 235 St. Reinigung, Inspektion und Dichtheitspr\xc3\xbcfung vorhandener Sch\xc3\xa4chteDokumentation der InspektionBestandsunterlagen aktualisieren/erg\xc3\xa4nzen"
401315,22A0236 Inst. Hallenvorfeld Geb. 95,Staatliches Bauamt Nürnberg,04.08.2022,"Aug 5, 2022 until Aug 25, 2022","Aug 25, 2022, 9:00 AM",,19.09.2022 until 16.12.2022,91154 Roth,22A0236,Inst. Hallenvorfeld Geb. 95,91154 Roth,19.09.2022 until 16.12.2022,"Aug 5, 2022 until Aug 25, 2022","Aug 25, 2022, 9:00 AM","Sep 16, 2022","Aug 24, 2022, 9:00 AM",84102 C 2022,Bauunterhalt BImA,Staatliches Bauamt N\xc3\xbcrnberg,Zollhof 6\n90443 N\xc3\xbcrnberg,vergabe@stban.bayern.de,Erneuerung des Hallenvorfeldes in der OLK Roth mit:-Abbruch best. Asphaltfl\xc3\xa4che                      ca. 2.800 m\xc2\xb2-Herstellung neue Asphaltfl\xc3\xa4che                ca. 2.300 m\xc2\xb2-R\xc3\xbcck- und Neubau RW-Kanal                     ca. 125 m
401307,"22A0522 KKS-Sanierung, inkl. Vorarbeiten und Oberflächenbeschichtung",Staatliches Bauamt München 1,04.08.2022,"Aug 4, 2022 until Sep 6, 2022","Sep 6, 2022, 8:30 AM",,Oktober 2022 until Juni 2023,80637 München,22A0522,"KKS-Sanierung, inkl. Vorarbeiten und Oberfl\xc3\xa4chenbeschichtung",80637 M\xc3\xbcnchen,Oktober 2022 until Juni 2023,"Aug 4, 2022 until Sep 6, 2022","Sep 6, 2022, 8:30 AM","Oct 6, 2022","Sep 5, 2022, 8:30 AM",88190 C 2019,Bauunterhalt,Staatliches Bauamt M\xc3\xbcnchen 1,Peter-Auzinger-Stra\xc3\x9fe 10\n81547 M\xc3\xbcnchen,vergabe@stbam1.bayern.de,"KKS-System, inkl. Systemlayout; Betonsanierung, HDW-Arbeiten, Injektionsarbeiten, sowie Einbau von Rinnen und Gullyt\xc3\xb6pfen;"
401306,22 E 096 Planungsleistungen für die Objekt- und Freiraumplanung  gemäß Paragraph 33 ff und Paragraph 39 ff HOAI 2021,Stadt Regensburg,04.08.2022,"Aug 6, 2022 until Sep 5, 2022, 9:00 AM",,"Sep 5, 2022, 9:00 AM",Anfang 2023 until Ende 2025,"93055 Regensburg, Burgweinting",22 E 096,Planungsleistungen f\xc3\xbcr die Objekt- und Freiraumplanung  gem\xc3\xa4\xc3\x9f Paragraph 33 ff und Paragraph 39 ff HOAI 2021,"93055 Regensburg, Burgweinting",Anfang 2023 until Ende 2025,"Aug 6, 2022 until Sep 5, 2022, 9:00 AM",,"Dec 30, 2022","Sep 5, 2022, 9:00 AM",2022,Neubau Kinderhaus Kleinfeld - Heuweg,Stadt Regensburg,D.-Martin-Luther-Stra\xc3\x9fe 3\n93047 Regensburg,vergabestelle@regensburg.de,"Objekt und Freiraumplanung f\xc3\xbcr den Neubau eines 4-gruppigen Kinderhortes, mit angegliedertem Kindergarten bestehend aus 3 Kindergartengruppen und 2 Kinderkrippengruppen"
401300,22-0113 Planungs- und Baumanagementleistungen für Außenanlagen,Stadt Fürth - Rf. V - Zentrale Vergabestelle,04.08.2022,"Aug 6, 2022 until Sep 6, 2022","Sep 6, 2022, 10:00 AM",,17.10.2022 until 31.12.2025,90763 Fürth,22-0113,Planungs- und Baumanagementleistungen f\xc3\xbcr Au\xc3\x9fenanlagen,90763 F\xc3\xbcrth,17.10.2022 until 31.12.2025,"Aug 6, 2022 until Sep 6, 2022",,"Nov 5, 2022","Aug 26, 2022, 10:00 AM",GWF/NG 3520.9400,Neubau Volksb\xc3\xbccherei,Stadt F\xc3\xbcrth - Rf. V - Zentrale Vergabestelle,Hirschenstra\xc3\x9fe 2\n90762 F\xc3\xbcrth,vergabestelle@fuerth.de,"Planungs- und Baumanagementleistungen f\xc3\xbcr Au\xc3\x9fenanlagen f\xc3\xbcr den Neubau der Hauptstelle der Volksb\xc3\xbccherei F\xc3\xbcrth, Fronm\xc3\xbcllerstra\xc3\x9fe 22, Geb\xc3\xa4ude mit ca. 2.350 m2 Au\xc3\x9fenfl\xc3\xa4chen mit Fahrrad- und Autostellpl\xc3\xa4tzen, Aufenthaltsbereichen, Zugangssituation der Volksb\xc3\xbccherei.Objektplanung Freianlagen gem\xc3\xa4\xc3\x9f Teil 3 HOAI, Leistungsphasen 1 bis 9, Grundleistungen sowie besondere Leistungen, u.a.- Bestandsaufnahme,- spezielle artenschutzrechtliche Planung,- \xc3\x84nderungsmanagement,- Dokumentation."
401298,22R0008G Raumlufttechnische Anlagen,Staatliches Bau- und Liegenschaftsamt Greifswald,04.08.2022,"Aug 5, 2022 until Sep 6, 2022","Sep 6, 2022, 11:59 PM",,01.10.2022 until 30.09.2024,17000 Bereich Vorpommern-Greifswald,22R0008G,Raumlufttechnische Anlagen,17000 Bereich Vorpommern-Greifswald,01.10.2022 until 30.09.2024,"Aug 5, 2022 until Sep 6, 2022","Sep 7, 2022, 12:00 AM","Oct 6, 2022","Aug 30, 2022, 11:59 PM",ZG04,Rahmenvertragsarbeiten Land,Staatliches Bau- und Liegenschaftsamt Greifswald,Am Gorzberg Haus 8\n17489 Greifswald,zvs@fm.sbl-mv.de,There is no further information avaiable.
401296,"0819 GÜ-Bauüberwachungsleistung Karwendel-,Plinganserstr. Bauüberwachung GÜ,",GWG Städtische Wohnungsgesellschaft München mbH,04.08.2022,"Aug 6, 2022 until Sep 5, 2022, 10:00 AM",,"Sep 5, 2022, 10:00 AM",Oktober 2022 until Ende 2026,81249 München,0819 G\xc3\x9c-Bau\xc3\xbcberwachungsleistung,"Karwendel-,Plinganserstr. Bau\xc3\xbcberwachung G\xc3\x9c,",81249 M\xc3\xbcnchen,Oktober 2022 until Ende 2026,"Aug 6, 2022 until Sep 5, 2022, 10:00 AM",,"Nov 25, 2022","Sep 1, 2022, 10:00 AM",1-1000-0819,Plinganserstr 50-62a - Karwendelstra\xc3\x9fe 4-17a,GWG St\xc3\xa4dtische Wohnungsgesellschaft M\xc3\xbcnchen mbH,Haager Stra\xc3\x9fe 5\n81671 M\xc3\xbcnchen,vergabe@gwg-muenchen.de,"Vergabe der Bau\xc3\xbcberwachung G\xc3\x9c mittels TNW, mit vorgegebener Funktionalausschreibung ."
401293,156201ATT651322 Trockenbauarbeiten,Hansestadt Attendorn,04.08.2022,"Aug 4, 2022 until Aug 23, 2022","Aug 23, 2022, 10:00 AM",,spätestens 10 WT nach Zugang des Auftragssschreibens until innerhalb von 25 WT nach vorstehender Frist für Ausführungsbeginn,57439 Attendorn,156201ATT651322,Trockenbauarbeiten,57439 Attendorn,sp\xc3\xa4testens 10 WT nach Zugang des Auftragssschreibens until innerhalb von 25 WT nach vorstehender Frist f\xc3\xbcr Ausf\xc3\xbchrungsbeginn,"Aug 4, 2022 until Aug 23, 2022","Aug 23, 2022, 10:00 AM","Sep 22, 2022","Aug 18, 2022, 10:00 AM",ATT65,Hansestadt Attendorn - GEBA-Geb\xc3\xa4udebewirtschaftung Attendorn,Hansestadt Attendorn,K\xc3\xb6lner Stra\xc3\x9fe 12\n57439 Attendorn,vergabe.service@siegen-wittgenstein.de,Trockenbauarbeiten in einem \xc3\xb6ffentlichen Geb\xc3\xa4ude
401291,"2022-18 M271 Lieferung H10, UT10",Stromnetz Berlin GmbH,04.08.2022,"Aug 4, 2022 until Aug 19, 2022","Aug 19, 2022, 11:00 AM",,14.09.2022 until 15.12.2022,12435 Berlin,2022-18 M271,"Lieferung H10, UT10",12435 Berlin,14.09.2022 until 15.12.2022,"Aug 4, 2022 until Aug 19, 2022",,"Sep 18, 2022","Aug 18, 2022, 11:00 AM",2021-BerlinLicht,Modernisierung \xc3\x96ffentliche Beleuchtung des Landes Berlin,Stromnetz Berlin GmbH,Eichenstra\xc3\x9fe 3 A\n12435 Berlin,berlin-licht@psp-consult.de,"Die Stromnetz Berlin GmbH f\xc3\xbchrt im Auftrag und auf Rechnung des Landes Berlin Bauma\xc3\x9fnahmen an Beleuchtungsanlagen der \xc3\xb6ffentlichen Stra\xc3\x9fenbeleuchtung durch. Gegenstand der Ausschreibung ist ein Auftrag \xc3\xbcber die Lieferung von Peitchenmas-ten und geraden Unterteilen f\xc3\xbcr Modernisierungsma\xc3\x9fnahmen.Der technische Aufbau des zu liefernden Materials ist im Leistungsverzeichnis beschrieben und im Anhang dargestellt. Der AG stellt dem AN Zeichnungen, u.a. von Vattenfall und der BEWAG, von den nachzubildenden Teilen zur Verf\xc3\xbcgung."
401290,22PS6-08-162B2382 Tischlerarbeiten Sanierung Schulgebäude Paul-Junius-Str. 25,Bezirksamt Lichtenberg von Berlin,04.08.2022,"Aug 4, 2022 until Aug 23, 2022","Aug 23, 2022, 9:00 AM",,nach Auftragserteilung until 18.11.2022,10369 Berlin,22PS6-08-162B2382,Tischlerarbeiten Sanierung Schulgeb\xc3\xa4ude Paul-Junius-Str. 25,10369 Berlin,nach Auftragserteilung until 18.11.2022,"Aug 4, 2022 until Aug 23, 2022","Aug 23, 2022, 9:00 AM","Sep 22, 2022","Aug 17, 2022, 9:00 AM",18PJS25,Paul-Junius-Str. 25,Bezirksamt Lichtenberg von Berlin,Alt-Friedrichsfelde 60\n10315 Berlin,vergabestelle.vob@lichtenberg.berlin.de,"Der Bestands- Schul-Geb\xc3\xa4udekomplex aus dem Jahre 1975 besteht aus zwei hintereinander angeordneten Schugeb\xc3\xb6uden mit jeweils 5 Vollgeschossen sowie einer Turnhalle.Die Schule befindet sich in Berlin-Lichtenberg in der Paul-Junius-Stra\xc3\x9fe. Hauptgeb\xc3\xa4udeSchule 1 (A) 66 m x 10,20 m x 16,20 m = ca. 10.900 m3Schule 2 (B)  66 m x 10,20 m x 16,20 m = ca. 10.900 m32 Sanit\xc3\xa4rt\xc3\xbcrme 6 m x 13, 60 m x 16,20 m = ca. 2x 1,320 m3Zus\xc3\xa4tzlich wurde ein Neubau als Verbindungsglied zwischen Schulgeb\xc3\xa4ude und Sporthalle erg\xc3\xa4nzt: ca. 33,65 m x 60,72 m.Der Inhalt der Ausschreibung umfasst haupts\xc3\xa4chlich:im Neubau, Mehrzweckraum und Mensac:- Akustiklamellenwand- Ausgabe K\xc3\xbcche (Faltladen)- Wandabsorber an den Unterz\xc3\xbcgenim Neubau, Pausenhalle:-HolzsitzauflagenIn allen Geb\xc3\xa4udeteilen, R\xc3\xa4ume:- Fensterarbeitstische fest eingebaut- Auflagebrett an br\xc3\xbcstungshohen Vorwandelementen (an allen St\xc3\xbctzen an der St\xc3\xbctzenverkleidung)"
401289,22R0007G Heizanlagen und zentrale Wassererwärmungsanlagen,Staatliches Bau- und Liegenschaftsamt Greifswald,04.08.2022,"Aug 5, 2022 until Sep 6, 2022","Sep 6, 2022, 11:59 PM",,01.10.2022 until 30.09.2024,17000 Bereich Vorpommern-Greifswald,22R0007G,Heizanlagen und zentrale Wassererw\xc3\xa4rmungsanlagen,17000 Bereich Vorpommern-Greifswald,01.10.2022 until 30.09.2024,"Aug 5, 2022 until Sep 6, 2022","Sep 7, 2022, 12:00 AM","Oct 6, 2022","Aug 30, 2022, 11:59 PM",ZG04,Rahmenvertragsarbeiten Land,Staatliches Bau- und Liegenschaftsamt Greifswald,Am Gorzberg Haus 8\n17489 Greifswald,zvs@fm.sbl-mv.de,There is no further information avaiable.
401283,"H01213822 Lieferung und Vorhalten der Baustelleneinrichtung, Vorabmaßnahmen","LHM, Baureferat, Verwaltung und Recht",04.08.2022,"Aug 4, 2022 until Sep 6, 2022","Sep 6, 2022, 10:30 AM",,02.11.2022 until 05.05.2023,81673 München,H01213822,"Lieferung und Vorhalten der Baustelleneinrichtung, Vorabma\xc3\x9fnahmen",81673 M\xc3\xbcnchen,02.11.2022 until 05.05.2023,"Aug 4, 2022 until Sep 6, 2022","Sep 6, 2022, 10:30 AM","Oct 6, 2022","Aug 31, 2022, 10:30 AM",12HI.010621,Campus Ost,"LHM, Baureferat, Verwaltung und Recht",Friedenstra\xc3\x9fe 40\n81671 M\xc3\xbcnchen,bekanntmachungen.vz2.bau@muenchen.de,"Lieferung und Vorhalten der Baustelleneinrichtung, Vorabma\xc3\x9fnahmenCampus Ost - Sportcampus, 1.BA"
401282,T50o212022 Abspannmasten,"LHM, Baureferat, Verwaltung und Recht",04.08.2022,"Aug 1, 2022 until Aug 30, 2022","Aug 30, 2022, 2:20 PM",,not specified,80992 München,T50o212022,Abspannmasten,80992 M\xc3\xbcnchen,,"Aug 1, 2022 until Aug 30, 2022",,"Sep 29, 2022","Aug 24, 2022, 2:20 PM",T3_SB_2022,Stra\xc3\x9fenbeleuchtung und Verkehrsleittechnik,"LHM, Baureferat, Verwaltung und Recht",Friedenstra\xc3\x9fe 40\n81671 M\xc3\xbcnchen,bekanntmachungen.vz2.bau@muenchen.de,"CL198 Abspannmaste 4,4 kN und 6,0 kN"
401278,22D0465 Fachplanung Ingenieurbau und Verkehrsanlagen,Staatliches Bauamt Würzburg,04.08.2022,"Aug 6, 2022 until Sep 6, 2022, 9:40 AM",,"Sep 6, 2022, 9:40 AM",01/2023 until 03/2032,97080 Würzburg,22D0465,Fachplanung Ingenieurbau und Verkehrsanlagen,97080 W\xc3\xbcrzburg,01/2023 until 03/2032,"Aug 6, 2022 until Sep 6, 2022, 9:40 AM",,"Dec 19, 2022","Sep 6, 2022, 9:40 AM",15184 E 1015,"UKW-Nord, Erschlie\xc3\x9fung u. HKW II",Staatliches Bauamt W\xc3\xbcrzburg,Wei\xc3\x9fenburgstra\xc3\x9fe 6\n97082 W\xc3\xbcrzburg,vergabe@stbawue.bayern.de,Fachplanung Ingenieurbauwerke und Verkehrsanlagen zur Erschlie\xc3\x9fung des Erweiterungsgel\xc3\xa4ndes Nord des Universit\xc3\xa4t Klinikums W\xc3\xbcrzburg inklusive des Neubaus einer Energiezentrale (HKW II) f\xc3\xbcr 1.BA Neubau Kopfklinken (KKL) und Zentrum Frauen Mutter Kind (ZFMK).
401276,"22E0248 Elektroinstallation BF1 Geb. 401, 402, 403",Staatliches Bauamt Schweinfurt,04.08.2022,"Aug 6, 2022 until Aug 30, 2022","Aug 31, 2022, 9:00 AM",,24.10.2022 until 28.10.2025,97762 Saaleck-Kaserne Hammelburg,22E0248,"Elektroinstallation BF1 Geb. 401, 402, 403",97762 Saaleck-Kaserne Hammelburg,24.10.2022 until 28.10.2025,"Aug 6, 2022 until Aug 30, 2022",,"Oct 30, 2022","Aug 30, 2022, 9:00 AM",40204 E 0036,Saaleck-Kaserne Hammelburg,Staatliches Bauamt Schweinfurt,Mainberger Stra\xc3\x9fe 14\n97422 Schweinfurt,vergabestelle@stbasw.bayern.de,"9 St Installationsverteiler11800 m Installationsleitung NYM-J 3x2,5    160 m Gitterrinne B 500 mm    810 St Schutzkontaktsteckdose      80 St Anbauleuchte LED 29 W"
401274,T29213722 Straßenbau- und Entwässerungsarbeiten,"LHM, Baureferat, Verwaltung und Recht",04.08.2022,"Aug 6, 2022 until Sep 6, 2022","Sep 6, 2022, 11:00 AM",,17.10.2022 until 20.12.2024,81541 München,T29213722,Stra\xc3\x9fenbau- und Entw\xc3\xa4sserungsarbeiten,81541 M\xc3\xbcnchen,17.10.2022 until 20.12.2024,"Aug 6, 2022 until Sep 6, 2022",,"Nov 7, 2022","Aug 31, 2022, 11:00 AM",12TI.100707,Eisenbahn\xc3\xbcberf\xc3\xbchrung Werinherstra\xc3\x9fe,"LHM, Baureferat, Verwaltung und Recht",Friedenstra\xc3\x9fe 40\n81671 M\xc3\xbcnchen,bekanntmachungen.vz2.bau@muenchen.de,"Im Zuge der Erneuerung der E\xc3\x9c in der Werinherstra\xc3\x9fe, wird das Baureferat die Geh- und Radwege sanieren, sowie Busspuren und Gr\xc3\xbcnstreifen mit B\xc3\xa4umen errichten.Gewerk: Stra\xc3\x9fenbau- und Entw\xc3\xa4sserungsarbeiten"
401272,22-VOB-A451 Baumpflege - Panoramaweg,Stadt Neu-Ulm,04.08.2022,"Aug 4, 2022 until Sep 6, 2022","Sep 6, 2022, 10:00 AM",,01.10.2022 until 30.10.200,89231 Neu-Ulm,22-VOB-A451,Baumpflege - Panoramaweg,89231 Neu-Ulm,01.10.2022 until 30.10.200,"Aug 4, 2022 until Sep 6, 2022","Sep 6, 2022, 10:00 AM","Oct 6, 2022","Aug 30, 2022, 10:00 AM",DEZ.3-67,Gr\xc3\xbcnfl\xc3\xa4chen und Friedhof,Stadt Neu-Ulm,Augsburger Stra\xc3\x9fe 15\n89231 Neu-Ulm,vergabestelle@neu-ulm.de,"Die Stadt Neu-Ulm beschafft die Baumpflegearbeiten. In Neu-Ulm, Panoramaweg (\xc3\xb6ffentliche Gr\xc3\xbcnfl\xc3\xa4che) sind an insgesamt 300 B\xc3\xa4umen 430 Baumpflegema\xc3\x9fnahmen nach ZTV-Baumpflege durchzuf\xc3\xbchren."
401265,"B18133-80381000-001-430-01 Raumlufttechnische Anlagen,
Raumluftechnische Maßnahmen",Land Berlin (SODA),04.08.2022,"Aug 4, 2022 until Aug 25, 2022","Aug 25, 2022, 10:10 AM",,27.09.2022 until 25.10.2023,12439 Berlin,B18133-80381000-001-430-01,"Raumlufttechnische Anlagen,\nRaumluftechnische Ma\xc3\x9fnahmen",12439 Berlin,27.09.2022 until 25.10.2023,"Aug 4, 2022 until Aug 25, 2022","Aug 25, 2022, 10:10 AM","Sep 24, 2022","Aug 20, 2022, 12:00 PM",B18133-80381000-001,Schnellerstr. 104 - Schadstoffsanierung und Brandschutzert\xc3\xbcchtigung,Land Berlin (SODA),Alexanderstra\xc3\x9fe 3\n10178 Berlin,Einkauf@bim-berlin.de,There is no further information avaiable.
401264,325-2022 Fassadenbekleidung - Bestand und Neubau,Bezirksamt Spandau von Berlin,04.08.2022,"Aug 6, 2022 until Aug 24, 2022","Aug 24, 2022, 10:00 AM",,26.09.2022 until 16.12.2022,13589 Berlin,325-2022,Fassadenbekleidung - Bestand und Neubau,13589 Berlin,26.09.2022 until 16.12.2022,"Aug 6, 2022 until Aug 24, 2022",,"Oct 21, 2022","Aug 17, 2022, 10:00 AM",325-2022,Siegerland-Grundschule,Bezirksamt Spandau von Berlin,Carl-Schurz-Str. 2/6\n13597 Berlin,vergabe@ba-spandau.berlin.de,There is no further information avaiable.
401263,L-0256-22 Beschaffung von Tablets,Stadt Wuppertal,04.08.2022,"Aug 4, 2022 until Aug 25, 2022","Aug 25, 2022, 9:45 AM",,Sofort nach Auftragsvergabe until 30.06.2023,42275 Wuppertal,L-0256-22,Beschaffung von Tablets,42275 Wuppertal,Sofort nach Auftragsvergabe until 30.06.2023,"Aug 4, 2022 until Aug 25, 2022",,"Sep 23, 2022","Aug 23, 2022, 9:45 AM",402,Amt 402,Stadt Wuppertal,postalisch Johannes-Rau-Platz 1\n42275 Wuppertal,sb.zentrale-vergabestelle@stadt.wuppertal.de,Beschaffung von Tablets
401261,22A0204N Metallbauarbeiten- Fassade,Staatliches Bau- und Liegenschaftsamt Neubrandenburg,04.08.2022,"Aug 2, 2022 until Sep 7, 2022","Sep 7, 2022, 11:59 PM",,am 21.11.2022 until am 31.08.2023,17192 Waren,22A0204N,Metallbauarbeiten- Fassade,17192 Waren,am 21.11.2022 until am 31.08.2023,"Aug 2, 2022 until Sep 7, 2022","Sep 8, 2022, 12:00 AM","Oct 7, 2022","Aug 31, 2022, 11:59 PM",41055-C3-0264,RC-1432520010 Fassade Geb. 114   4. BA,Staatliches Bau- und Liegenschaftsamt Neubrandenburg,Neustrelitzer Stra\xc3\x9fe 121\n17033 Neubrandenburg,zvs@fm.sbl-mv.de,"2038 m\xc2\xb2 Fassaden- Unterkonstruktion 2- teilig aus Aluminium, 2038 m\xc2\xb2 Fassadend\xc3\xa4mmung Mineralfasenplatten A1 , 2038 m\xc2\xb2 Fassadenbekleidung mit Trapetzprofil 35-207 V Aluminium, 94 m\xc2\xb2 Herstellung Sockel mit Perimeterd\xc3\xa4mmung, Putzgrund und Au\xc3\x9fenputz, 420 m\xc2\xb2 Dacheindeckung abbrechen und neu herstellen"
401260,V-2022-77 Rahmenvereinbarung zur Lieferung von Särgen und Bestattungszubehör.,Stadt Straubing - Vergabestelle,04.08.2022,"Aug 4, 2022 until Sep 12, 2022","Sep 12, 2022, 12:00 PM",,01.12.2022 until 30.11.2024,94315 Straubing,V-2022-77,Rahmenvereinbarung zur Lieferung von S\xc3\xa4rgen und Bestattungszubeh\xc3\xb6r.,94315 Straubing,01.12.2022 until 30.11.2024,"Aug 4, 2022 until Sep 12, 2022",,"Oct 12, 2022","Sep 9, 2022, 10:00 AM",PB,Personenstands- und Bestattungswesen,Stadt Straubing - Vergabestelle,Theresienplatz 2\n94315 Straubing,vergabeamt@straubing.de,Rahmenvereinbarung zur Lieferung von S\xc3\xa4rgen und Bestattungszubeh\xc3\xb6r.
401255,2022-215-0003-2 Elektroinstallationsarbeiten für WLAN am Goethe-Gymnasium II,Stadt Kassel,04.08.2022,"Aug 3, 2022 until Sep 2, 2022","Sep 2, 2022, 10:30 AM",,17.10.2022 until 17.02.2023,34117 Kassel,2022-215-0003-2,Elektroinstallationsarbeiten f\xc3\xbcr WLAN am Goethe-Gymnasium II,34117 Kassel,17.10.2022 until 17.02.2023,"Aug 3, 2022 until Sep 2, 2022","Sep 2, 2022, 10:30 AM","Sep 30, 2022","Aug 30, 2022, 10:30 AM",KS20B65940022,DigitalPakt Schule,Stadt Kassel,Obere Karlsstra\xc3\x9fe 15\n34117 Kassel,vergabemanagement@kassel.de,Strukturierte Verkabelung der \xc3\x9cbertragungsnetze und Ausbau einesfl\xc3\xa4chendeckenden W-LAN-Netzes im Goethe-Gymnasium II
401254,22A0119 Planung Modulbau u. Ausführg. Rohbau,Staatl. Bauamt Krumbach (Schwaben),04.08.2022,"Aug 4, 2022 until Sep 26, 2022","Sep 27, 2022, 9:45 AM",,Oktober 2022 until Dezember 2023,89231 Neu-Ulm,22A0119,Planung Modulbau u. Ausf\xc3\xbchrg. Rohbau,89231 Neu-Ulm,Oktober 2022 until Dezember 2023,"Aug 4, 2022 until Sep 26, 2022","Sep 27, 2022, 10:00 AM","Oct 27, 2022","Sep 20, 2022, 5:00 PM",15101 D 0007,HNU Erweiterung Modulbau,Staatl. Bauamt Krumbach (Schwaben),Nattenhauser Stra\xc3\x9fe 16\n86381 Krumbach (Schwaben),vergabe@stbakru.bayern.de,"Planung eines Modulbaus in Element-/Hybridbauweise, Ausf\xc3\xbchrung des Rohbaus inkl. vorbereitende Ma\xc3\x9fnahmen f\xc3\xbcr sp\xc3\xa4teren Ausbau"
401253,1-230436 Hochwasserrückhaltebecken Mengede 2. Ausbaustufe,Emschergenossenschaft,04.08.2022,"Aug 6, 2022 until Sep 8, 2022","Sep 8, 2022, 10:20 AM",,02.12.2022 until 07.05.2025,44577 Castrop-Rauxel,1-230436,Hochwasserr\xc3\xbcckhaltebecken Mengede 2. Ausbaustufe,44577 Castrop-Rauxel,02.12.2022 until 07.05.2025,"Aug 6, 2022 until Sep 8, 2022",,"Nov 25, 2022","Sep 1, 2022, 10:20 AM",1566-0004-2022,"Emscher,",Emschergenossenschaft,Kronprinzenstra\xc3\x9fe 24\n45128 Essen,Haberhausen.Joerg@eglv.de,"240.000 m\xc2\xb3 Bodenabtrag, 40.000 m\xc2\xb3 Bodenauftrag, Abbruch von 2 Stahlbetonbr\xc3\xbccken und eine Stahlbetonbr\xc3\xbccke (Breite 5,70 m, Spannweite 6,00 m) zur Realisierung der 2. Ausbaustufe des Hochwasserr\xc3\xbcckhaltebecken Mengede"
401247,"2022-440 Objektplanung 
für A 20 AK HRO - AS Sanitz. km 129,55 - 136,00
und AS Dummerstorf",Die Autobahn GmbH des Bundes,04.08.2022,"Aug 5, 2022 until Sep 7, 2022, 10:00 AM",,"Sep 7, 2022, 10:00 AM",not specified,18273 Güstrow / Klueß,2022-440,"Objektplanung \nf\xc3\xbcr A 20 AK HRO - AS Sanitz. km 129,55 - 136,00\nund AS Dummerstorf",18273 G\xc3\xbcstrow / Klue\xc3\x9f,,"Aug 5, 2022 until Sep 7, 2022, 10:00 AM",,"Oct 24, 2022","Sep 7, 2022, 10:00 AM",A-07416-00,A 20 Erneuerung AK HRO - AS Sanitz,Die Autobahn GmbH des Bundes,Krakower Chaussee 2a\n18273 G\xc3\xbcstrow / Klue\xc3\x9f,as-guestrow@autobahn.de,Objektplanung
401245,22-0175 Straßenbauarbeiten,Stadt Fürth - Rf. V- Zentrale Vergabestelle,04.08.2022,"Aug 4, 2022 until Aug 31, 2022","Aug 31, 2022, 10:00 AM",,10.10.2022 until 30.04.2023,90762 Fürth,22-0175,Stra\xc3\x9fenbauarbeiten,90762 F\xc3\xbcrth,10.10.2022 until 30.04.2023,"Aug 4, 2022 until Aug 31, 2022","Aug 31, 2022, 10:00 AM","Sep 30, 2022","Aug 25, 2022, 10:00 AM",TfA_StrN_2022,Neubauprogramm 2022,Stadt F\xc3\xbcrth - Rf. V- Zentrale Vergabestelle,Hirschenstra\xc3\x9fe 2\n90762 F\xc3\xbcrth,vergabestelle@fuerth.de,Stra\xc3\x9fenbauarbeiten Bernbacher Stra\xc3\x9fe BA 4:Erneuerung der Fahrbahn in Vollausbau einschlie\xc3\x9flich des Banketts und der Entw\xc3\xa4sserung. Am Ortseingang ist eine Trenninsel herzustellen.Hauptmengen:- Gesamtl\xc3\xa4nge Fahrbahn: ca. 650 m-Asphaltierungsarbeiten: ca. 5410 m2-L\xc3\xa4nge Trenninsel: 45 m-Bankett herstellen: 635 m3-Bodenverbesserungsarbeiten: 6.300 m2-Erneuerung Sickerrohrleitung: 580 m
401242,22R0012G Sanitäranlagen,Staatliches Bau- und Liegenschaftsamt Greifswald,04.08.2022,"Aug 4, 2022 until Sep 7, 2022","Sep 7, 2022, 11:59 PM",,01.10.2022 until 30.09.2024,18439 Stralsund,22R0012G,Sanit\xc3\xa4ranlagen,18439 Stralsund,01.10.2022 until 30.09.2024,"Aug 4, 2022 until Sep 7, 2022","Sep 8, 2022, 12:00 AM","Oct 7, 2022","Aug 31, 2022, 11:59 PM",ZG03,Rahmenvertragsarbeiten Land,Staatliches Bau- und Liegenschaftsamt Greifswald,Am Gorzberg Haus 8\n17489 Greifswald,zvs@fm.sbl-mv.de,There is no further information avaiable.
401241,"3320_EU_270922 Dachabdichtungsarbeiten inkl. Oberlichter und Dachbegrünung, 2 Lose, Betriebsgebäude",LHS Stuttgart -Dienstleistungszentrum Bauvertragswesen,04.08.2022,"Aug 6, 2022 until Sep 27, 2022","Sep 27, 2022, 10:00 AM",,09.01.2023 until 03.03.2023,70327 Stuttgart,3320_EU_270922,"Dachabdichtungsarbeiten inkl. Oberlichter und Dachbegr\xc3\xbcnung, 2 Lose, Betriebsgeb\xc3\xa4ude",70327 Stuttgart,09.01.2023 until 03.03.2023,"Aug 6, 2022 until Sep 27, 2022",,"Nov 25, 2022","Sep 18, 2022, 10:00 AM",05330105,AWS Betriebsstelle Abbruch und Neubau,LHS Stuttgart -Dienstleistungszentrum Bauvertragswesen,Hauptst\xc3\xa4tter Str. 66\n70178 Stuttgart,DLZ1.HBA@stuttgart.de,"Los 1: Dachabdichtungsarbeiten - 09.01.2023 bis 17.02.2023 Los 2: Dachbegr\xc3\xbcnungsarbeiten - 20.02. bis 03.03.2023Es kann auch nur ein Los einzeln angeboten werden.- Gef\xc3\xa4lled\xc3\xa4mmung PS-Hartschaum und Schaumglas- 2-lagige Dach-Bitumenabdichtung mit extens. Begr\xc3\xbcnung, Vorbereitung f\xc3\xbcr PV-Anlage- Lichtkuppeln starr und als RWA- Absturzsicherung als SeilsystemLeistungsumfang gesamtLos 1:Gef\xc3\xa4lled\xc3\xa4mmung: ca. 850 m2Dachabdichtung: ca. 1000 m2Lichtkuppeln: 6 St\xc3\xbcckDachausstieg: 1 St\xc3\xbcckAbsturzsicherung: ca. 130 m Seil zzgl. PSA und Zubeh\xc3\xb6rLos 2: Extensive Dachbegr\xc3\xbcnung:  ca. 55m3"
401240,"U19010-30338000-001-431-02 Raumlufttechnische Anlagen, Raumlufttechnische Anlagen",Land Berlin (Sondervermögen Immobilien des Landes Berlin),04.08.2022,"Aug 4, 2022 until Aug 18, 2022","Aug 18, 2022, 3:10 PM",,12.09.2022 until 31.10.2022,10117 Berlin,U19010-30338000-001-431-02,"Raumlufttechnische Anlagen, Raumlufttechnische Anlagen",10117 Berlin,12.09.2022 until 31.10.2022,"Aug 4, 2022 until Aug 18, 2022","Aug 18, 2022, 3:10 PM","Sep 17, 2022","Aug 15, 2022, 12:00 PM",U19010-30338000-001,Albrechtstr. 20,Land Berlin (Sonderverm\xc3\xb6gen Immobilien des Landes Berlin),Alexanderstra\xc3\x9fe 3\n10178 Berlin,Einkauf@bim-berlin.de,There is no further information avaiable.
401236,ZB-KD-22-1317000-4121.1 Feuerwehrfahrzeuge für öffentliche Auftraggeber,Gebäudemanagement Schleswig-Holstein AöR,04.08.2022,"Aug 4, 2022 until Sep 23, 2022","Sep 23, 2022, 7:30 AM",,je nach angebotenen Lieferzeiten until je nach angebotenen Lieferzeiten,24103 Kiel,ZB-KD-22-1317000-4121.1,Feuerwehrfahrzeuge f\xc3\xbcr \xc3\xb6ffentliche Auftraggeber,24103 Kiel,je nach angebotenen Lieferzeiten until je nach angebotenen Lieferzeiten,"Aug 4, 2022 until Sep 23, 2022",,"Dec 30, 2022","Sep 16, 2022, 10:00 AM",4121.1-2022,4121.1-2022,Geb\xc3\xa4udemanagement Schleswig-Holstein A\xc3\xb6R,K\xc3\xbcterstra\xc3\x9fe 30\n24103 Kiel,e-vergabe-beschaffung@gmsh.de,There is no further information avaiable.
401235,22R0011G Raumlufttechnische Anlagen,Staatliches Bau- und Liegenschaftsamt Greifswald,04.08.2022,"Aug 4, 2022 until Sep 7, 2022","Sep 7, 2022, 11:59 PM",,01.10.2022 until 30.09.2024,18439 Stralsund,22R0011G,Raumlufttechnische Anlagen,18439 Stralsund,01.10.2022 until 30.09.2024,"Aug 4, 2022 until Sep 7, 2022","Sep 8, 2022, 12:00 AM","Oct 7, 2022","Aug 31, 2022, 11:59 PM",ZG03,Rahmenvertragsarbeiten Land,Staatliches Bau- und Liegenschaftsamt Greifswald,Am Gorzberg Haus 8\n17489 Greifswald,zvs@fm.sbl-mv.de,There is no further information avaiable.
401234,22 A 50072 Stark- und Schwachstrominstallation für einen Hörsaal,"Universitätsmedizin Göttingen, Stiftung Öffentlichen Rechts",04.08.2022,"Aug 4, 2022 until Sep 20, 2022","Sep 20, 2022, 11:00 AM",,05.12.2022 until 04.09.2023,37075 Göttingen,22 A 50072,Stark- und Schwachstrominstallation f\xc3\xbcr einen H\xc3\xb6rsaal,37075 G\xc3\xb6ttingen,05.12.2022 until 04.09.2023,"Aug 4, 2022 until Sep 20, 2022","Sep 20, 2022, 11:00 AM","Oct 20, 2022","Sep 20, 2022, 10:00 AM",CAS C9 1801,"Universit\xc3\xa4tsmedizin G\xc3\xb6ttingen, Stiftung \xc3\x96ffentlichen Rechts","Universit\xc3\xa4tsmedizin G\xc3\xb6ttingen, Stiftung \xc3\x96ffentlichen Rechts",Robert-Koch-Str. 40\n37075 G\xc3\xb6ttingen,v.schroeder@med.uni-goettingen.de,There is no further information avaiable.
401232,"2022-UVgO-35 Dienst- und Schutzkleidung für die Kläranlage und den Kanalbetrieb, jedoch keine Warnschutzkleidung.",Stadtverwaltung Rheda-Wiedenbrück,04.08.2022,"Aug 4, 2022 until Sep 6, 2022","Sep 6, 2022, 10:00 AM",,10-2022 until 12-2023,33378 Rheda-Wiedenbrück,2022-UVgO-35,"Dienst- und Schutzkleidung f\xc3\xbcr die Kl\xc3\xa4ranlage und den Kanalbetrieb, jedoch keine Warnschutzkleidung.",33378 Rheda-Wiedenbr\xc3\xbcck,10-2022 until 12-2023,"Aug 4, 2022 until Sep 6, 2022",,"Oct 6, 2022","Aug 30, 2022, 10:00 AM",2022-EAW-26,Dienst- und Schutzkleidung,Stadtverwaltung Rheda-Wiedenbr\xc3\xbcck,Rathausplatz 13\n33378 Rheda-Wiedenbr\xc3\xbcck,zentrale-vergabestelle@rh-wd.de,"Lieferung von:Oberbekleidung (Sommer, Winter, Regen)Laborkittel, St\xc3\xb6rlichtbogenschutzM\xc3\xbctzen, Unterw\xc3\xa4scheHandschutz, Kopfschutz, Geh\xc3\xb6rschutz, AugenschutzGrundausstattung in 2022Erstzbeschaffung in 2023, optional in 2024"
401229,22A00280 53.1: PV Anlage,Gebäudemanagement Schleswig-Holstein AöR,04.08.2022,"Aug 4, 2022 until Sep 1, 2022","Sep 1, 2022, 11:45 AM",,innerhalb von 12 Werktagen nach Zugang der Aufforderung durch den Auftraggeber (§ 5 Abs.2 Satz 2 VOB/B). Die Auforderungwird Ihnen voraussichtlich bis zum 01.10.2022 zugehen. until 23.06.2023,"24118 Christian-Albrechts-Universität zu Kiel, Hermann-Rodewald-St",22A00280,53.1: PV Anlage,"24118 Christian-Albrechts-Universit\xc3\xa4t zu Kiel, Hermann-Rodewald-St",innerhalb von 12 Werktagen nach Zugang der Aufforderung durch den Auftraggeber (\xc2\xa7 5 Abs.2 Satz 2 VOB/B). Die Auforderungwird Ihnen voraussichtlich bis zum 01.10.2022 zugehen. until 23.06.2023,"Aug 4, 2022 until Sep 1, 2022","Sep 1, 2022, 11:45 AM","Oct 1, 2022","Sep 1, 2022, 11:45 AM",21540006,CAU / Neubau Geowissenschaften,Geb\xc3\xa4udemanagement Schleswig-Holstein A\xc3\xb6R,Schillstra\xc3\x9fe 1-3\n23566 L\xc3\xbcbeck,bieteranfragen-vob@gmsh.de,There is no further information avaiable.
401224,NW-Kietzer Feld_2_BA_Heizkraftwerk-22 Nebau eines Heizkraftwerks,degewo AG,04.08.2022,"Aug 4, 2022 until Sep 2, 2022","Sep 2, 2022, 11:00 AM",,01.11.2022 until 30.04.2023,12257 Berlin,NW-Kietzer Feld_2_BA_Heizkraftwerk-22,Nebau eines Heizkraftwerks,12257 Berlin,01.11.2022 until 30.04.2023,"Aug 4, 2022 until Sep 2, 2022","Sep 2, 2022, 11:00 AM","Oct 31, 2022","Aug 23, 2022, 11:00 AM",NW-Kietzer-Feld-2-BA2022,"WIE 41901, Kietzer Feld_2_BA_ Wendenschlossstrasse, Zur Nachtheide,",degewo AG,Potsdamer Str. 60\n10785 Berlin,ausschreibung@degewo.de,There is no further information avaiable.
401222,"H12c211022 Tischlerarbeiten, Türen","LHM, Baureferat, Verwaltung und Recht",04.08.2022,"Aug 1, 2022 until Aug 25, 2022","Aug 25, 2022, 10:20 AM",,31.10.2022 until 04.04.2023,81249 München,H12c211022,"Tischlerarbeiten, T\xc3\xbcren",81249 M\xc3\xbcnchen,31.10.2022 until 04.04.2023,"Aug 1, 2022 until Aug 25, 2022","Aug 25, 2022, 10:20 AM","Sep 26, 2022","Aug 19, 2022, 10:20 AM",12HI.011221,Neubau Haus f\xc3\xbcr Kinder,"LHM, Baureferat, Verwaltung und Recht",Friedenstra\xc3\x9fe 40\n81671 M\xc3\xbcnchen,bekanntmachungen.vz2.bau@muenchen.de,"Einbau von ca. 57 Innent\xc3\xbcren und Beschl\xc3\xa4ge am Neubau Haus f\xc3\xbcr Kinder an der Annemarie-Renger-Stra\xc3\x9fe, 22. Stadtbezirk, Aubing - Lochhausen - Langwied."
401219,G24c211822 Dachbegrünungsarbeiten,"LHM, Baureferat, Verwaltung und Recht",04.08.2022,"Aug 6, 2022 until Sep 13, 2022","Sep 13, 2022, 11:00 AM",,"Mo, 28.11.2022 until Fr, 30.06.2023",80939 München,G24c211822,Dachbegr\xc3\xbcnungsarbeiten,80939 M\xc3\xbcnchen,"Mo, 28.11.2022 until Fr, 30.06.2023","Aug 6, 2022 until Sep 13, 2022",,"Nov 14, 2022","Sep 7, 2022, 11:00 AM",12HI.010686,"Neubau Grundschule, Gymnasium, KiTa, TG, Schwimm-,Sporthalle, Sportfreianlagen","LHM, Baureferat, Verwaltung und Recht",Friedenstra\xc3\x9fe 40\n81671 M\xc3\xbcnchen,bekanntmachungen.vz2.bau@muenchen.de,GaLaBau auf Dachfl\xc3\xa4chen
